<?xml version="1.0" encoding="UTF-8"?>

<CodeSystem xmlns="http://hl7.org/fhir">
  <id value="us-core-provenance-participant-type"/>
  <text>
    <status value="generated"/><div xmlns="http://www.w3.org/1999/xhtml"><p>This code system http://hl7.org/fhir/us/core/CodeSystem/us-core-provenance-participant-type defines the following codes:</p><table class="codes"><tr><td style="white-space:nowrap"><b>Code</b></td><td><b>Display</b></td><td><b>Definition</b></td></tr><tr><td style="white-space:nowrap">transmitter<a name="us-core-provenance-participant-type-transmitter"> </a></td><td>Transmitter</td><td>The entity that provided the copy to your system.</td></tr></table></div>
  </text>
  <url value="http://hl7.org/fhir/us/core/CodeSystem/us-core-provenance-participant-type"/>
  <version value="5.0.1"/>
  <name value="USCoreProvenancePaticipantTypeExtensionCodes"/>
  <title value="US Core Provenance Participant Type Extension Codes"/>
  <status value="active"/>
  <date value="2022-06-22T19:50:38+00:00"/>
  <publisher value="HL7 International - Cross-Group Projects"/>
  <contact>
    <name value="HL7 International - Cross-Group Projects"/>
    <telecom>
      <system value="url"/>
      <value value="http://www.hl7.org/Special/committees/cgp"/>
    </telecom>
    <telecom>
      <system value="email"/>
      <value value="cgp@lists.HL7.org"/>
    </telecom>
  </contact>
  <description value="Set of codes that are needed for implementation of the US-Core Provenance Profile. These codes are used as extensions to the FHIR value sets."/>
  <jurisdiction>
    <coding>
      <system value="urn:iso:std:iso:3166"/>
      <code value="US"/>
    </coding>
  </jurisdiction>
  <copyright value="Used by permission of HL7 International, all rights reserved Creative Commons License"/>
  <caseSensitive value="true"/>
  <content value="complete"/>
  <concept>
    <code value="transmitter"/>
    <display value="Transmitter"/>
    <definition value="The entity that provided the copy to your system."/>
  </concept>
</CodeSystem>