<?xml version="1.0" encoding="UTF-8"?>

<CodeSystem xmlns="http://hl7.org/fhir">
  <id value="careplan-category"/>
  <text>
    <status value="generated"/><div xmlns="http://www.w3.org/1999/xhtml"><p>This code system http://hl7.org/fhir/us/core/CodeSystem/careplan-category defines the following codes:</p><table class="codes"><tr><td style="white-space:nowrap"><b>Code</b></td><td><b>Display</b></td><td><b>Definition</b></td></tr><tr><td style="white-space:nowrap">assess-plan<a name="careplan-category-assess-plan"> </a></td><td>Assessment and Plan of Treatment</td><td>The clinical conclusions and assumptions that guide the patient's treatment and the clinical activities formulated for a patient.</td></tr></table></div>
  </text>
  <url value="http://hl7.org/fhir/us/core/CodeSystem/careplan-category"/>
  <version value="5.0.1"/>
  <name value="USCoreCarePlanCategoryExtensionCodes"/>
  <title value="US Core CarePlan Category Extension Codes"/>
  <status value="active"/>
  <date value="2022-06-22T19:50:38+00:00"/>
  <publisher value="HL7 International - Cross-Group Projects"/>
  <contact>
    <name value="HL7 International - Cross-Group Projects"/>
    <telecom>
      <system value="url"/>
      <value value="http://www.hl7.org/Special/committees/cgp"/>
    </telecom>
    <telecom>
      <system value="email"/>
      <value value="cgp@lists.HL7.org"/>
    </telecom>
  </contact>
  <description value="Set of codes that are needed for implementation of the US-Core CarePlan Profile. These codes are used as extensions to the FHIR ValueSet."/>
  <jurisdiction>
    <coding>
      <system value="urn:iso:std:iso:3166"/>
      <code value="US"/>
    </coding>
  </jurisdiction>
  <copyright value="Used by permission of HL7 International, all rights reserved Creative Commons License"/>
  <caseSensitive value="true"/>
  <content value="complete"/>
  <concept>
    <code value="assess-plan"/>
    <display value="Assessment and Plan of Treatment"/>
    <definition value="The clinical conclusions and assumptions that guide the patient's treatment and the clinical activities formulated for a patient."/>
  </concept>
</CodeSystem>