<?xml version="1.0" encoding="UTF-8"?>

<CodeSystem xmlns="http://hl7.org/fhir">
  <id value="us-core-tags"/>
  <text>
    <status value="generated"/><div xmlns="http://www.w3.org/1999/xhtml"><p>This code system http://hl7.org/fhir/us/core/CodeSystem/us-core-tags defines the following codes:</p><table class="codes"><tr><td style="white-space:nowrap"><b>Code</b></td><td><b>Display</b></td><td><b>Definition</b></td></tr><tr><td style="white-space:nowrap">sdoh<a name="us-core-tags-sdoh"> </a></td><td>SDOH</td><td>Social Determinants of Health Category</td></tr></table></div>
  </text>
  <url value="http://hl7.org/fhir/us/core/CodeSystem/us-core-tags"/>
  <version value="5.0.1"/>
  <name value="USCoreTagsCodeSystem"/>
  <title value="US Core Tags CodeSystem"/>
  <status value="active"/>
  <date value="2022-04-20"/>
  <publisher value="HL7 International - Cross-Group Projects"/>
  <contact>
    <name value="HL7 International - Cross-Group Projects"/>
    <telecom>
      <system value="url"/>
      <value value="http://www.hl7.org/Special/committees/cgp"/>
    </telecom>
    <telecom>
      <system value="email"/>
      <value value="cgp@lists.HL7.org"/>
    </telecom>
  </contact>
  <description value="Codes used in US Core `meta.tag` and 'category' profiles. The are typically used when there is a need for categorization or workflow hints."/>
  <jurisdiction>
    <coding>
      <system value="urn:iso:std:iso:3166"/>
      <code value="US"/>
    </coding>
  </jurisdiction>
  <copyright value="Used by permission of HL7 International, all rights reserved Creative Commons License"/>
  <caseSensitive value="true"/>
  <content value="complete"/>
  <concept>
    <code value="sdoh"/>
    <display value="SDOH"/>
    <definition value="Social Determinants of Health Category"/>
  </concept>
</CodeSystem>