<?xml version="1.0" encoding="UTF-8"?>

<CodeSystem xmlns="http://hl7.org/fhir">
  <id value="us-core-documentreference-category"/>
  <text>
    <status value="generated"/><div xmlns="http://www.w3.org/1999/xhtml"><p>This code system http://hl7.org/fhir/us/core/CodeSystem/us-core-documentreference-category defines the following codes:</p><table class="codes"><tr><td style="white-space:nowrap"><b>Code</b></td><td><b>Display</b></td><td><b>Definition</b></td></tr><tr><td style="white-space:nowrap">clinical-note<a name="us-core-documentreference-category-clinical-note"> </a></td><td>Clinical Note</td><td>Part of health record where healthcare professionals record details to document a patient's clinical status or achievements during the course of a hospitalization or over the course of outpatient care ([Wikipedia](https://en.wikipedia.org/wiki/Progress_note))</td></tr></table></div>
  </text>
  <url value="http://hl7.org/fhir/us/core/CodeSystem/us-core-documentreference-category"/>
  <version value="5.0.1"/>
  <name value="USCoreDocumentReferencesCategoryCodes"/>
  <title value="US Core DocumentReferences Category Codes"/>
  <status value="active"/>
  <date value="2019-05-21"/>
  <publisher value="HL7 International - Cross-Group Projects"/>
  <contact>
    <name value="HL7 International - Cross-Group Projects"/>
    <telecom>
      <system value="url"/>
      <value value="http://www.hl7.org/Special/committees/cgp"/>
    </telecom>
    <telecom>
      <system value="email"/>
      <value value="cgp@lists.HL7.org"/>
    </telecom>
  </contact>
  <description value="The US Core DocumentReferences Type Code System is a 'starter set' of categories supported for fetching and storing DocumentReference Resources."/>
  <jurisdiction>
    <coding>
      <system value="urn:iso:std:iso:3166"/>
      <code value="US"/>
    </coding>
  </jurisdiction>
  <copyright value="Used by permission of HL7 International, all rights reserved Creative Commons License"/>
  <caseSensitive value="true"/>
  <valueSet value="http://hl7.org/fhir/us/core/ValueSet/us-core-documentreference-category"/>
  <content value="complete"/>
  <count value="2"/>
  <concept>
    <code value="clinical-note"/>
    <display value="Clinical Note"/>
    <definition value="Part of health record where healthcare professionals record details to document a patient's clinical status or achievements during the course of a hospitalization or over the course of outpatient care ([Wikipedia](https://en.wikipedia.org/wiki/Progress_note))"/>
  </concept>
</CodeSystem>