<?xml version="1.0" encoding="UTF-8"?>

<Encounter xmlns="http://hl7.org/fhir">
  <id value="example-1"/>
  <meta>
    <extension url="http://hl7.org/fhir/StructureDefinition/instance-name">
      <valueString value="Encounter 1 Example"/>
    </extension>
    <extension url="http://hl7.org/fhir/StructureDefinition/instance-description">
      <valueMarkdown value="This is a encounter 1 example for the *US Core Encounter Profile*."/>
    </extension>
    <lastUpdated value="2017-05-26T11:56:57.250-04:00"/>
    <profile value="http://hl7.org/fhir/us/core/StructureDefinition/us-core-encounter"/>
  </meta>
  <text>
    <status value="generated"/><div xmlns="http://www.w3.org/1999/xhtml"><p><b>Generated Narrative</b></p><div style="display: inline-block; background-color: #d9e0e7; padding: 6px; margin: 4px; border: 1px solid #8da1b4; border-radius: 5px; line-height: 60%"><p style="margin-bottom: 0px">Resource "example-1" Updated "2017-05-26 11:56:57-0400" </p><p style="margin-bottom: 0px">Profile: <a href="StructureDefinition-us-core-encounter.html">US Core Encounter Profile</a></p></div><p><b>status</b>: finished</p><p><b>class</b>: ambulatory (Details: http://terminology.hl7.org/CodeSystem/v3-ActCode code AMB = 'ambulatory', stated as 'ambulatory')</p><p><b>type</b>: Office Visit <span style="background: LightGoldenRodYellow; margin: 4px; border: 1px solid khaki"> (<a href="http://terminology.hl7.org/3.1.0/CodeSystem-CPT.html">Current Procedural Terminology (CPT&reg;)</a>#99201)</span></p><p><b>subject</b>: <a href="Patient-example.html">Patient/example</a> " SHAW"</p><p><b>period</b>: 2015-11-01 05:00:14-0500 --&gt; 2015-11-01 06:00:14-0500</p></div>
  </text>
  <status value="finished"/>
  <class>
    <system value="http://terminology.hl7.org/CodeSystem/v3-ActCode"/>
    <code value="AMB"/>
    <display value="ambulatory"/>
  </class>
  <type>
    <coding>
      <system value="http://www.ama-assn.org/go/cpt"/>
      <code value="99201"/>
    </coding>
    <text value="Office Visit"/>
  </type>
  <subject>
    <reference value="Patient/example"/>
  </subject>
  <period>
    <start value="2015-11-01T17:00:14-05:00"/>
    <end value="2015-11-01T18:00:14-05:00"/>
  </period>
</Encounter>