<?xml version="1.0" encoding="UTF-8"?>

<Encounter xmlns="http://hl7.org/fhir">
  <id value="1036"/>
  <meta>
    <extension url="http://hl7.org/fhir/StructureDefinition/instance-name">
      <valueString value="Encounter 1036 Example"/>
    </extension>
    <extension url="http://hl7.org/fhir/StructureDefinition/instance-description">
      <valueMarkdown value="This is a encounter 1036 example for the *Encounter Profile*."/>
    </extension>
    <profile value="http://hl7.org/fhir/us/core/StructureDefinition/us-core-encounter"/>
  </meta>
  <text>
    <status value="generated"/><div xmlns="http://www.w3.org/1999/xhtml"><p><b>Generated Narrative</b></p><div style="display: inline-block; background-color: #d9e0e7; padding: 6px; margin: 4px; border: 1px solid #8da1b4; border-radius: 5px; line-height: 60%"><p style="margin-bottom: 0px">Resource "1036" </p><p style="margin-bottom: 0px">Profile: <a href="StructureDefinition-us-core-encounter.html">US Core Encounter Profile</a></p></div><p><b>status</b>: in-progress</p><p><b>class</b>: inpatient encounter (Details: http://terminology.hl7.org/CodeSystem/v3-ActCode code IMP = 'inpatient encounter', stated as 'inpatient encounter')</p><p><b>type</b>: Unknown (qualifier value) <span style="background: LightGoldenRodYellow; margin: 4px; border: 1px solid khaki"> (<a href="https://browser.ihtsdotools.org/">SNOMED CT</a>#261665006)</span></p><p><b>subject</b>: <a href="Patient-example.html">Patient/example</a> " SHAW"</p><h3>Hospitalizations</h3><table class="grid"><tr><td>-</td><td><b>DischargeDisposition</b></td></tr><tr><td>*</td><td>Discharged to Home <span style="background: LightGoldenRodYellow; margin: 4px; border: 1px solid khaki"> (patient-discharge#01)</span></td></tr></table><h3>Locations</h3><table class="grid"><tr><td>-</td><td><b>Location</b></td></tr><tr><td>*</td><td><a href="Location-hospital.html">Location/hospital: Holy Family Hospital</a> "Holy Family Hospital"</td></tr></table></div>
  </text>
  <status value="in-progress"/>
  <class>
    <system value="http://terminology.hl7.org/CodeSystem/v3-ActCode"/>
    <code value="IMP"/>
    <display value="inpatient encounter"/>
  </class>
  <type>
    <coding>
      <system value="http://snomed.info/sct"/>
      <code value="261665006"/>
      <display value="Unknown (qualifier value)"/>
    </coding>
    <text value="Unknown (qualifier value)"/>
  </type>
  <subject>
    <reference value="Patient/example"/>
  </subject>
  <hospitalization>
    <dischargeDisposition>
      <coding>
        <system value="http://www.nubc.org/patient-discharge"/>
        <code value="01"/>
        <display value="Discharged to Home"/>
      </coding>
    </dischargeDisposition>
  </hospitalization>
  <location>
    <location>
      <reference value="Location/hospital"/>
      <display value="Holy Family Hospital"/>
    </location>
  </location>
</Encounter>