<?xml version="1.0" encoding="UTF-8"?>

<Location xmlns="http://hl7.org/fhir">
  <id value="hl7east"/>
  <meta>
    <extension url="http://hl7.org/fhir/StructureDefinition/instance-name">
      <valueString value="HL7East Example"/>
    </extension>
    <extension url="http://hl7.org/fhir/StructureDefinition/instance-description">
      <valueMarkdown value="This is a HL7East example for the *US Core Location Profile*."/>
    </extension>
    <profile value="http://hl7.org/fhir/us/core/StructureDefinition/us-core-location"/>
  </meta>
  <text>
    <status value="generated"/><div xmlns="http://www.w3.org/1999/xhtml"><p><b>Generated Narrative</b></p><div style="display: inline-block; background-color: #d9e0e7; padding: 6px; margin: 4px; border: 1px solid #8da1b4; border-radius: 5px; line-height: 60%"><p style="margin-bottom: 0px">Resource "hl7east" </p><p style="margin-bottom: 0px">Profile: <a href="StructureDefinition-us-core-location.html">US Core Location Profile</a></p></div><p><b>identifier</b>: id: 29</p><p><b>status</b>: active</p><p><b>name</b>: Health Level Seven International - Amherst</p><p><b>description</b>: HL7 Headquarters - East</p><p><b>telecom</b>: ph: (+1) 734-677-7777</p><p><b>address</b>: 3300 Washtenaw Avenue, Suite 227 Amherst MA 01002 USA </p><h3>Positions</h3><table class="grid"><tr><td>-</td><td><b>Longitude</b></td><td><b>Latitude</b></td></tr><tr><td>*</td><td>-72.519854</td><td>42.373222</td></tr></table><p><b>managingOrganization</b>: <span>: Health Level Seven International</span></p></div>
  </text>
  <identifier>
    <system value="http://www.acme.org/location"/>
    <value value="29"/>
  </identifier>
  <status value="active"/>
  <name value="Health Level Seven International - Amherst"/>
  <description value="HL7 Headquarters - East"/>
  <telecom>
    <system value="phone"/>
    <value value="(+1) 734-677-7777"/>
  </telecom>
  <address>
    <line value="3300 Washtenaw Avenue, Suite 227"/>
    <city value="Amherst"/>
    <state value="MA"/>
    <postalCode value="01002"/>
    <country value="USA"/>
  </address>
  <position>
    <longitude value="-72.519854"/>
    <latitude value="42.373222"/>
  </position>
  <managingOrganization>
    <display value="Health Level Seven International"/>
  </managingOrganization>
</Location>