<?xml version="1.0" encoding="UTF-8"?>

<Medication xmlns="http://hl7.org/fhir">
  <id value="uscore-med1"/>
  <meta>
    <extension url="http://hl7.org/fhir/StructureDefinition/instance-name">
      <valueString value="Uscore Med1 Example"/>
    </extension>
    <extension url="http://hl7.org/fhir/StructureDefinition/instance-description">
      <valueMarkdown value="This is a uscore med1 example for the *US Core Medication Profile*."/>
    </extension>
    <profile value="http://hl7.org/fhir/us/core/StructureDefinition/us-core-medication"/>
  </meta>
  <text>
    <status value="generated"/><div xmlns="http://www.w3.org/1999/xhtml"><p><b>Generated Narrative</b></p><div style="display: inline-block; background-color: #d9e0e7; padding: 6px; margin: 4px; border: 1px solid #8da1b4; border-radius: 5px; line-height: 60%"><p style="margin-bottom: 0px">Resource "uscore-med1" </p><p style="margin-bottom: 0px">Profile: <a href="StructureDefinition-us-core-medication.html">US Core Medication Profile</a></p></div><p><b>code</b>: lisinopril oral 10 mg <span style="background: LightGoldenRodYellow; margin: 4px; border: 1px solid khaki"> (<a href="http://terminology.hl7.org/3.1.0/CodeSystem-v3-rxNorm.html">RxNorm</a>#206765 "Prinivil 10 MG Oral Tablet")</span></p></div>
  </text>
  <code>
    <coding>
      <system value="http://www.nlm.nih.gov/research/umls/rxnorm"/>
      <code value="206765"/>
      <display value="Prinivil 10 MG Oral Tablet"/>
    </coding>
    <text value="lisinopril oral 10 mg"/>
  </code>
</Medication>