<?xml version="1.0" encoding="UTF-8"?>

<Observation xmlns="http://hl7.org/fhir">
  <id value="ofc-percentile"/>
  <meta>
    <extension url="http://hl7.org/fhir/StructureDefinition/instance-name">
      <valueString value="OFC Percentile Example"/>
    </extension>
    <extension url="http://hl7.org/fhir/StructureDefinition/instance-description">
      <valueMarkdown value="This is a OFC percentile example for the *Head Occipital Frontal Circumference Percentile Profile*."/>
    </extension>
    <profile value="http://hl7.org/fhir/us/core/StructureDefinition/head-occipital-frontal-circumference-percentile"/>
  </meta>
  <text>
    <status value="generated"/><div xmlns="http://www.w3.org/1999/xhtml"><p><b>Generated Narrative</b></p><div style="display: inline-block; background-color: #d9e0e7; padding: 6px; margin: 4px; border: 1px solid #8da1b4; border-radius: 5px; line-height: 60%"><p style="margin-bottom: 0px">Resource "ofc-percentile" </p><p style="margin-bottom: 0px">Profile: <a href="StructureDefinition-head-occipital-frontal-circumference-percentile.html">US Core Pediatric Head Occipital-frontal Circumference Percentile Profile</a></p></div><p><b>status</b>: final</p><p><b>category</b>: Vital Signs <span style="background: LightGoldenRodYellow; margin: 4px; border: 1px solid khaki"> (<a href="http://terminology.hl7.org/3.1.0/CodeSystem-observation-category.html">Observation Category Codes</a>#vital-signs)</span></p><p><b>code</b>: Head Occipital-frontal circumference Percentile <span style="background: LightGoldenRodYellow; margin: 4px; border: 1px solid khaki"> (<a href="https://loinc.org/">LOINC</a>#8289-1)</span></p><p><b>subject</b>: <a href="Patient-infant-example.html">Patient/infant-example: Infant Example</a> " EXAMPLE"</p><p><b>effective</b>: 2020-07-01</p><p><b>value</b>: 82 %<span style="background: LightGoldenRodYellow"> (Details: UCUM code % = '%')</span></p><p><b>note</b>: WHO Males, 0-2 years Chart</p></div>
  </text>
  <status value="final"/>
  <category>
    <coding>
      <system value="http://terminology.hl7.org/CodeSystem/observation-category"/>
      <code value="vital-signs"/>
      <display value="Vital Signs"/>
    </coding>
    <text value="Vital Signs"/>
  </category>
  <code>
    <coding>
      <system value="http://loinc.org"/>
      <code value="8289-1"/>
      <display value="Head Occipital-frontal circumference Percentile"/>
    </coding>
    <text value="Head Occipital-frontal circumference Percentile"/>
  </code>
  <subject>
    <reference value="Patient/infant-example"/>
    <display value="Infant Example"/>
  </subject>
  <effectiveDateTime value="2020-07-01"/>
  <valueQuantity>
    <value value="82"/>
    <unit value="%"/>
    <system value="http://unitsofmeasure.org"/>
    <code value="%"/>
  </valueQuantity>
  <note>
    <text value="WHO Males, 0-2 years Chart"/>
  </note>
</Observation>