<?xml version="1.0" encoding="UTF-8"?>

<Observation xmlns="http://hl7.org/fhir">
  <id value="q-t-interval-ekg-lead"/>
  <meta>
    <extension url="http://hl7.org/fhir/StructureDefinition/instance-name">
      <valueString value="Q-T interval {EKG lead} Example"/>
    </extension>
    <extension url="http://hl7.org/fhir/StructureDefinition/instance-description">
      <valueMarkdown value="This is a Q-T interval {EKG lead} Example for the *Clinical Test Result Observation Profile*."/>
    </extension>
    <profile value="http://hl7.org/fhir/us/core/StructureDefinition/us-core-observation-clinical-test"/>
  </meta>
  <text>
    <status value="generated"/><div xmlns="http://www.w3.org/1999/xhtml"><p><b>Generated Narrative</b></p><div style="display: inline-block; background-color: #d9e0e7; padding: 6px; margin: 4px; border: 1px solid #8da1b4; border-radius: 5px; line-height: 60%"><p style="margin-bottom: 0px">Resource "q-t-interval-ekg-lead" </p><p style="margin-bottom: 0px">Profile: <a href="StructureDefinition-us-core-observation-clinical-test.html">US Core Observation Clinical Test Result Profile</a></p></div><p><b>status</b>: final</p><p><b>category</b>: Clinical Test <span style="background: LightGoldenRodYellow; margin: 4px; border: 1px solid khaki"> (<a href="CodeSystem-us-core-observation-category.html">US Core Observation Category Extension Codes</a>#clinical-test)</span></p><p><b>code</b>: Q-T interval {EKG lead} <span style="background: LightGoldenRodYellow; margin: 4px; border: 1px solid khaki"> (<a href="https://loinc.org/">LOINC</a>#44975-1)</span></p><p><b>subject</b>: <a href="Patient-example.html">Patient/example: Amy Shaw</a> " SHAW"</p><p><b>encounter</b>: <span>: Cardiology Consult</span></p><p><b>effective</b>: 2021-11-10 04:48:57-0800</p><p><b>value</b>: 0.4 s<span style="background: LightGoldenRodYellow"> (Details: UCUM code s = 's')</span></p></div>
  </text>
  <status value="final"/>
  <category>
    <coding>
      <system value="http://hl7.org/fhir/us/core/CodeSystem/us-core-observation-category"/>
      <code value="clinical-test"/>
      <display value="Clinical Test"/>
    </coding>
    <text value="Clinical Test"/>
  </category>
  <code>
    <coding>
      <system value="http://loinc.org"/>
      <code value="44975-1"/>
      <display value="Q-T interval {EKG lead}"/>
    </coding>
    <text value="Q-T interval {EKG lead}"/>
  </code>
  <subject>
    <reference value="Patient/example"/>
    <display value="Amy Shaw"/>
  </subject>
  <encounter>
    <display value="Cardiology Consult"/>
  </encounter>
  <effectiveDateTime value="2021-11-10T16:48:57.246958-08:00"/>
  <valueQuantity>
    <value value="0.4"/>
    <unit value="s"/>
    <system value="http://unitsofmeasure.org"/>
    <code value="s"/>
  </valueQuantity>
</Observation>