<?xml version="1.0" encoding="UTF-8"?>

<Observation xmlns="http://hl7.org/fhir">
  <id value="serum-co2"/>
  <meta>
    <extension url="http://hl7.org/fhir/StructureDefinition/instance-name">
      <valueString value="Serum CO2 Example"/>
    </extension>
    <extension url="http://hl7.org/fhir/StructureDefinition/instance-description">
      <valueMarkdown value="This is a serum CO2 example for the *US Core Observation Lab Profile*."/>
    </extension>
    <versionId value="962"/>
    <lastUpdated value="2016-03-09T15:29:57.477+00:00"/>
    <profile value="http://hl7.org/fhir/us/core/StructureDefinition/us-core-observation-lab"/>
  </meta>
  <text>
    <status value="generated"/><div xmlns="http://www.w3.org/1999/xhtml"><p><b>Generated Narrative</b></p><div style="display: inline-block; background-color: #d9e0e7; padding: 6px; margin: 4px; border: 1px solid #8da1b4; border-radius: 5px; line-height: 60%"><p style="margin-bottom: 0px">Resource "serum-co2" Version "962" Updated "2016-03-09 03:29:57+0000" </p><p style="margin-bottom: 0px">Profile: <a href="StructureDefinition-us-core-observation-lab.html">US Core Laboratory Result Observation Profile</a></p></div><p><b>status</b>: final</p><p><b>category</b>: Laboratory <span style="background: LightGoldenRodYellow; margin: 4px; border: 1px solid khaki"> (<a href="http://terminology.hl7.org/3.1.0/CodeSystem-observation-category.html">Observation Category Codes</a>#laboratory)</span></p><p><b>code</b>: CO2 SerPl-sCnc <span style="background: LightGoldenRodYellow; margin: 4px; border: 1px solid khaki"> (<a href="https://loinc.org/">LOINC</a>#2028-9)</span></p><p><b>subject</b>: <a href="Patient-example.html">Patient/example: Amy Shaw</a> " SHAW"</p><p><b>effective</b>: 2005-07-05</p><p><b>value</b>: 24.0 mmol/L</p><h3>ReferenceRanges</h3><table class="grid"><tr><td>-</td><td><b>Low</b></td><td><b>High</b></td><td><b>Type</b></td></tr><tr><td>*</td><td>22.0 mmol/L<span style="background: LightGoldenRodYellow"> (Details: UCUM code mmol/L = 'mmol/L')</span></td><td>29.0 mmol/L<span style="background: LightGoldenRodYellow"> (Details: UCUM code mmol/L = 'mmol/L')</span></td><td>Normal Range <span style="background: LightGoldenRodYellow; margin: 4px; border: 1px solid khaki"> (<a href="http://terminology.hl7.org/3.1.0/CodeSystem-referencerange-meaning.html">Observation Reference Range Meaning Codes</a>#normal)</span></td></tr></table></div>
  </text>
  <status value="final"/>
  <category>
    <coding>
      <system value="http://terminology.hl7.org/CodeSystem/observation-category"/>
      <code value="laboratory"/>
      <display value="Laboratory"/>
    </coding>
    <text value="Laboratory"/>
  </category>
  <code>
    <coding>
      <system value="http://loinc.org"/>
      <code value="2028-9"/>
      <display value="CO2 SerPl-sCnc"/>
    </coding>
    <text value="CO2 SerPl-sCnc"/>
  </code>
  <subject>
    <reference value="Patient/example"/>
    <display value="Amy Shaw"/>
  </subject>
  <effectiveDateTime value="2005-07-05"/>
  <valueQuantity>
    <value value="24.0"/>
    <unit value="mmol/L"/>
    <system value="http://unitsofmeasure.org"/>
  </valueQuantity>
  <referenceRange>
    <low>
      <value value="22.0"/>
      <unit value="mmol/L"/>
      <system value="http://unitsofmeasure.org"/>
      <code value="mmol/L"/>
    </low>
    <high>
      <value value="29.0"/>
      <unit value="mmol/L"/>
      <system value="http://unitsofmeasure.org"/>
      <code value="mmol/L"/>
    </high>
    <type>
      <coding>
        <system value="http://terminology.hl7.org/CodeSystem/referencerange-meaning"/>
        <code value="normal"/>
        <display value="Normal Range"/>
      </coding>
      <text value="Normal Range"/>
    </type>
  </referenceRange>
</Observation>