<?xml version="1.0" encoding="UTF-8"?>

<Observation xmlns="http://hl7.org/fhir">
  <id value="10-minute-apgar-reflex-irritability"/>
  <meta>
    <extension url="http://hl7.org/fhir/StructureDefinition/instance-name">
      <valueString value="10 minute Apgar Reflex Irritability Example"/>
    </extension>
    <extension url="http://hl7.org/fhir/StructureDefinition/instance-description">
      <valueMarkdown value="This example of a US Core Survey Observation Profile illustrates its use to directly capture individual surveys assessment items as an observations. It is not derived from a FHIR QuestionnaireResponse.."/>
    </extension>
    <profile value="http://hl7.org/fhir/us/core/StructureDefinition/us-core-observation-survey"/>
  </meta>
  <text>
    <status value="generated"/><div xmlns="http://www.w3.org/1999/xhtml"><p><b>Generated Narrative</b></p><div style="display: inline-block; background-color: #d9e0e7; padding: 6px; margin: 4px; border: 1px solid #8da1b4; border-radius: 5px; line-height: 60%"><p style="margin-bottom: 0px">Resource "10-minute-apgar-reflex-irritability" </p><p style="margin-bottom: 0px">Profile: <a href="StructureDefinition-us-core-observation-survey.html">US Core Observation Survey Profile</a></p></div><p><b>status</b>: final</p><p><b>category</b>: Survey <span style="background: LightGoldenRodYellow; margin: 4px; border: 1px solid khaki"> (<a href="http://terminology.hl7.org/3.1.0/CodeSystem-observation-category.html">Observation Category Codes</a>#survey)</span></p><p><b>code</b>: Apgar response to stimulus score <span style="background: LightGoldenRodYellow; margin: 4px; border: 1px solid khaki"> (<a href="https://loinc.org/">LOINC</a>#32404-6 "10 minute Apgar Reflex Irritability")</span></p><p><b>subject</b>: <a href="Patient-infant-example.html">Patient/infant-example</a> " EXAMPLE"</p><p><b>effective</b>: 2016-05-18</p><p><b>performer</b>: <a href="Practitioner-practitioner-1.html">Practitioner/practitioner-1: Ronald Bone</a> " BONE"</p><p><b>value</b>: 2. Grimace and pulling away, cough, or sneeze during suctioning <span style="background: LightGoldenRodYellow; margin: 4px; border: 1px solid khaki"> (<a href="https://loinc.org/">LOINC</a>#LA6721-0 "Grimace and pulling away, cough, or sneeze during suctioning")</span></p></div>
  </text>
  <status value="final"/>
  <category>
    <coding>
      <system value="http://terminology.hl7.org/CodeSystem/observation-category"/>
      <code value="survey"/>
      <display value="Survey"/>
    </coding>
    <text value="Survey"/>
  </category>
  <code>
    <coding>
      <system value="http://loinc.org"/>
      <code value="32404-6"/>
      <display value="10 minute Apgar Reflex Irritability"/>
    </coding>
    <text value="Apgar response to stimulus score"/>
  </code>
  <subject>
    <reference value="Patient/infant-example"/>
  </subject>
  <effectiveDateTime value="2016-05-18"/>
  <performer>
    <reference value="Practitioner/practitioner-1"/>
    <display value="Ronald Bone"/>
  </performer>
  <valueCodeableConcept>
    <coding>
      <extension url="http://hl7.org/fhir/StructureDefinition/ordinalValue">
        <valueDecimal value="2"/>
      </extension>
      <system value="http://loinc.org"/>
      <code value="LA6721-0"/>
      <display value="Grimace and pulling away, cough, or sneeze during suctioning"/>
    </coding>
    <text value="2. Grimace and pulling away, cough, or sneeze during suctioning"/>
  </valueCodeableConcept>
</Observation>