<?xml version="1.0" encoding="UTF-8"?>

<Observation xmlns="http://hl7.org/fhir">
  <id value="pediatric-wt-example"/>
  <meta>
    <extension url="http://hl7.org/fhir/StructureDefinition/instance-name">
      <valueString value="Pediatric Wt Example"/>
    </extension>
    <extension url="http://hl7.org/fhir/StructureDefinition/instance-description">
      <valueMarkdown value="This is a pediatric wt example for the *Pediatric Weight For Height Profile*."/>
    </extension>
    <profile value="http://hl7.org/fhir/us/core/StructureDefinition/pediatric-weight-for-height"/>
  </meta>
  <text>
    <status value="generated"/><div xmlns="http://www.w3.org/1999/xhtml"><p><b>Generated Narrative</b></p><div style="display: inline-block; background-color: #d9e0e7; padding: 6px; margin: 4px; border: 1px solid #8da1b4; border-radius: 5px; line-height: 60%"><p style="margin-bottom: 0px">Resource "pediatric-wt-example" </p><p style="margin-bottom: 0px">Profile: <a href="StructureDefinition-pediatric-weight-for-height.html">US Core Pediatric Weight for Height Observation Profile</a></p></div><p><b>status</b>: final</p><p><b>category</b>: Vital Signs <span style="background: LightGoldenRodYellow; margin: 4px; border: 1px solid khaki"> (<a href="http://terminology.hl7.org/3.1.0/CodeSystem-observation-category.html">Observation Category Codes</a>#vital-signs)</span></p><p><b>code</b>: BMI <span style="background: LightGoldenRodYellow; margin: 4px; border: 1px solid khaki"> (<a href="https://loinc.org/">LOINC</a>#77606-2 "Weight-for-length Per age and sex")</span></p><p><b>subject</b>: <a href="Patient-infant-example.html">Patient/infant-example: Infant Example</a> " EXAMPLE"</p><p><b>encounter</b>: <span>: GP Visit</span></p><p><b>effective</b>: 2020-07-02</p><p><b>value</b>: 65 %<span style="background: LightGoldenRodYellow"> (Details: UCUM code % = '%')</span></p><p><b>note</b>: WHO Males, 0-2 years Chart</p></div>
  </text>
  <status value="final"/>
  <category>
    <coding>
      <system value="http://terminology.hl7.org/CodeSystem/observation-category"/>
      <code value="vital-signs"/>
      <display value="Vital Signs"/>
    </coding>
    <text value="Vital Signs"/>
  </category>
  <code>
    <coding>
      <system value="http://loinc.org"/>
      <code value="77606-2"/>
      <display value="Weight-for-length Per age and sex"/>
    </coding>
    <text value="BMI"/>
  </code>
  <subject>
    <reference value="Patient/infant-example"/>
    <display value="Infant Example"/>
  </subject>
  <encounter>
    <display value="GP Visit"/>
  </encounter>
  <effectiveDateTime value="2020-07-02"/>
  <valueQuantity>
    <value value="65"/>
    <unit value="%"/>
    <system value="http://unitsofmeasure.org"/>
    <code value="%"/>
  </valueQuantity>
  <note>
    <text value="WHO Males, 0-2 years Chart"/>
  </note>
</Observation>