<?xml version="1.0" encoding="UTF-8"?>

<Observation xmlns="http://hl7.org/fhir">
  <id value="HVS-item-example-88122-7"/>
  <meta>
    <extension url="http://hl7.org/fhir/StructureDefinition/instance-name">
      <valueString value="Hvs Item Example 88122-7"/>
    </extension>
    <extension url="http://hl7.org/fhir/StructureDefinition/instance-description">
      <valueMarkdown value="This is a Hvs Item Example 88122-7 ((I/We) worried whether (my/our) food would run out before (I/we) got money to buy more.) for the *US Core Screening Response Observation Profile*"/>
    </extension>
    <profile value="http://hl7.org/fhir/us/core/StructureDefinition/us-core-observation-sdoh-assessment"/>
  </meta>
  <text>
    <status value="generated"/><div xmlns="http://www.w3.org/1999/xhtml"><p><b>Generated Narrative</b></p><div style="display: inline-block; background-color: #d9e0e7; padding: 6px; margin: 4px; border: 1px solid #8da1b4; border-radius: 5px; line-height: 60%"><p style="margin-bottom: 0px">Resource "HVS-item-example-88122-7" </p><p style="margin-bottom: 0px">Profile: <a href="StructureDefinition-us-core-observation-sdoh-assessment.html">US Core Observation SDOH Assessment Profile</a></p></div><p><b>status</b>: final</p><p><b>category</b>: SDOH <span style="background: LightGoldenRodYellow; margin: 4px; border: 1px solid khaki"> (<a href="CodeSystem-us-core-tags.html">US Core Tags CodeSystem</a>#sdoh)</span>, Survey <span style="background: LightGoldenRodYellow; margin: 4px; border: 1px solid khaki"> (<a href="http://terminology.hl7.org/3.1.0/CodeSystem-observation-category.html">Observation Category Codes</a>#survey)</span></p><p><b>code</b>: (I/We) worried whether (my/our) food would run out before (I/we) got money to buy more. <span style="background: LightGoldenRodYellow; margin: 4px; border: 1px solid khaki"> (<a href="https://loinc.org/">LOINC</a>#88122-7)</span></p><p><b>subject</b>: <a href="Patient-example.html">Patient/example</a> " SHAW"</p><p><b>effective</b>: 2020-09-10 09:56:54+0000</p><p><b>performer</b>: <a href="Patient-example.html">Patient/example</a> " SHAW"</p><p><b>value</b>: Often true <span style="background: LightGoldenRodYellow; margin: 4px; border: 1px solid khaki"> (<a href="https://loinc.org/">LOINC</a>#LA28397-0)</span></p><p><b>derivedFrom</b>: <a href="QuestionnaireResponse-hunger-vital-sign-example.html">QuestionnaireResponse/hunger-vital-sign-example: US Core QuestionnaireResponse Hunger Vital Sign Example</a></p></div>
  </text>
  <status value="final"/>
  <category>
    <coding>
      <system value="http://hl7.org/fhir/us/core/CodeSystem/us-core-tags"/>
      <code value="sdoh"/>
      <display value="SDOH"/>
    </coding>
  </category>
  <category>
    <coding>
      <system value="http://terminology.hl7.org/CodeSystem/observation-category"/>
      <code value="survey"/>
      <display value="Survey"/>
    </coding>
  </category>
  <code>
    <coding>
      <system value="http://loinc.org"/>
      <code value="88122-7"/>
      <display value="(I/We) worried whether (my/our) food would run out before (I/we) got money to buy more."/>
    </coding>
    <text value="(I/We) worried whether (my/our) food would run out before (I/we) got money to buy more."/>
  </code>
  <subject>
    <reference value="Patient/example"/>
  </subject>
  <effectiveDateTime value="2020-09-10T21:56:54.671000+00:00"/>
  <performer>
    <reference value="Patient/example"/>
  </performer>
  <valueCodeableConcept>
    <coding>
      <system value="http://loinc.org"/>
      <code value="LA28397-0"/>
      <display value="Often true"/>
    </coding>
    <text value="Often true"/>
  </valueCodeableConcept>
  <derivedFrom>
    <reference value="QuestionnaireResponse/hunger-vital-sign-example"/>
    <display value="US Core QuestionnaireResponse Hunger Vital Sign Example"/>
  </derivedFrom>
</Observation>