<?xml version="1.0" encoding="UTF-8"?>

<Observation xmlns="http://hl7.org/fhir">
  <id value="AHC-HRSN-item-example-44255-8"/>
  <meta>
    <extension url="http://hl7.org/fhir/StructureDefinition/instance-name">
      <valueString value="Ahc-Hrsn Item Example 44255-8"/>
    </extension>
    <extension url="http://hl7.org/fhir/StructureDefinition/instance-description">
      <valueMarkdown value="This is a Ahc-Hrsn Item Example 44255-8 (Feeling down, depressed, or hopeless?) for the *US Core Screening Response Observation Profile*"/>
    </extension>
    <profile value="http://hl7.org/fhir/us/core/StructureDefinition/us-core-observation-sdoh-assessment"/>
  </meta>
  <text>
    <status value="generated"/><div xmlns="http://www.w3.org/1999/xhtml"><p><b>Generated Narrative</b></p><div style="display: inline-block; background-color: #d9e0e7; padding: 6px; margin: 4px; border: 1px solid #8da1b4; border-radius: 5px; line-height: 60%"><p style="margin-bottom: 0px">Resource "AHC-HRSN-item-example-44255-8" </p><p style="margin-bottom: 0px">Profile: <a href="StructureDefinition-us-core-observation-sdoh-assessment.html">US Core Observation SDOH Assessment Profile</a></p></div><p><b>status</b>: final</p><p><b>category</b>: SDOH <span style="background: LightGoldenRodYellow; margin: 4px; border: 1px solid khaki"> (<a href="CodeSystem-us-core-tags.html">US Core Tags CodeSystem</a>#sdoh)</span>, Survey <span style="background: LightGoldenRodYellow; margin: 4px; border: 1px solid khaki"> (<a href="http://terminology.hl7.org/3.1.0/CodeSystem-observation-category.html">Observation Category Codes</a>#survey)</span></p><p><b>code</b>: Feeling down, depressed, or hopeless? <span style="background: LightGoldenRodYellow; margin: 4px; border: 1px solid khaki"> (<a href="https://loinc.org/">LOINC</a>#44255-8 "Feeling down, depressed, or hopeless in last 2 weeks")</span></p><p><b>subject</b>: <a href="Patient-example.html">Patient/example</a> " SHAW"</p><p><b>effective</b>: 2022-03-29 10:38:59+0000</p><p><b>performer</b>: <a href="Patient-example.html">Patient/example</a> " SHAW"</p><p><b>value</b>: Not at all <span style="background: LightGoldenRodYellow; margin: 4px; border: 1px solid khaki"> (<a href="https://loinc.org/">LOINC</a>#LA6568-5)</span></p><p><b>derivedFrom</b>: <a href="QuestionnaireResponse-AHC-HRSN-screening-example.html">QuestionnaireResponse/AHC-HRSN-screening-example: US Core QuestionnaireResponse AHC HRSN Screening-Example Example</a></p></div>
  </text>
  <status value="final"/>
  <category>
    <coding>
      <system value="http://hl7.org/fhir/us/core/CodeSystem/us-core-tags"/>
      <code value="sdoh"/>
      <display value="SDOH"/>
    </coding>
  </category>
  <category>
    <coding>
      <system value="http://terminology.hl7.org/CodeSystem/observation-category"/>
      <code value="survey"/>
      <display value="Survey"/>
    </coding>
  </category>
  <code>
    <coding>
      <system value="http://loinc.org"/>
      <code value="44255-8"/>
      <display value="Feeling down, depressed, or hopeless in last 2 weeks"/>
    </coding>
    <text value="Feeling down, depressed, or hopeless?"/>
  </code>
  <subject>
    <reference value="Patient/example"/>
  </subject>
  <effectiveDateTime value="2022-03-29T22:38:59.084000+00:00"/>
  <performer>
    <reference value="Patient/example"/>
  </performer>
  <valueCodeableConcept>
    <coding>
      <system value="http://loinc.org"/>
      <code value="LA6568-5"/>
      <display value="Not at all"/>
    </coding>
    <text value="Not at all"/>
  </valueCodeableConcept>
  <derivedFrom>
    <reference value="QuestionnaireResponse/AHC-HRSN-screening-example"/>
    <display value="US Core QuestionnaireResponse AHC HRSN Screening-Example Example"/>
  </derivedFrom>
</Observation>