<?xml version="1.0" encoding="UTF-8"?>

<Observation xmlns="http://hl7.org/fhir">
  <id value="AHC-HRSN-panel-example-96777-8"/>
  <meta>
    <extension url="http://hl7.org/fhir/StructureDefinition/instance-name">
      <valueString value="Ahc-Hrsn Panel Example 96777-8"/>
    </extension>
    <extension url="http://hl7.org/fhir/StructureDefinition/instance-description">
      <valueMarkdown value="This is a Ahc-Hrsn Panel Example 96777-8 (Accountable health communities (AHC) health-related social needs screening (HRSN) tool) for the *US Core Screening Response Observation Profile*"/>
    </extension>
    <profile value="http://hl7.org/fhir/us/core/StructureDefinition/us-core-observation-sdoh-assessment"/>
  </meta>
  <text>
    <status value="generated"/><div xmlns="http://www.w3.org/1999/xhtml"><p><b>Generated Narrative</b></p><div style="display: inline-block; background-color: #d9e0e7; padding: 6px; margin: 4px; border: 1px solid #8da1b4; border-radius: 5px; line-height: 60%"><p style="margin-bottom: 0px">Resource "AHC-HRSN-panel-example-96777-8" </p><p style="margin-bottom: 0px">Profile: <a href="StructureDefinition-us-core-observation-sdoh-assessment.html">US Core Observation SDOH Assessment Profile</a></p></div><p><b>status</b>: final</p><p><b>category</b>: SDOH <span style="background: LightGoldenRodYellow; margin: 4px; border: 1px solid khaki"> (<a href="CodeSystem-us-core-tags.html">US Core Tags CodeSystem</a>#sdoh)</span>, Survey <span style="background: LightGoldenRodYellow; margin: 4px; border: 1px solid khaki"> (<a href="http://terminology.hl7.org/3.1.0/CodeSystem-observation-category.html">Observation Category Codes</a>#survey)</span></p><p><b>code</b>: Accountable health communities (AHC) health-related social needs screening (HRSN) tool <span style="background: LightGoldenRodYellow; margin: 4px; border: 1px solid khaki"> (<a href="https://loinc.org/">LOINC</a>#96777-8)</span></p><p><b>subject</b>: <a href="Patient-example.html">Patient/example</a> " SHAW"</p><p><b>effective</b>: 2022-03-29 10:38:59+0000</p><p><b>performer</b>: <a href="Patient-example.html">Patient/example</a> " SHAW"</p><p><b>hasMember</b>: </p><ul><li><a href="Observation-AHC-HRSN-item-example-76513-1.html">Observation/AHC-HRSN-item-example-76513-1</a></li><li><a href="Observation-AHC-HRSN-item-example-96780-2.html">Observation/AHC-HRSN-item-example-96780-2</a></li><li><a href="Observation-AHC-HRSN-item-example-96781-0.html">Observation/AHC-HRSN-item-example-96781-0</a></li><li><a href="Observation-AHC-HRSN-item-example-93159-2.html">Observation/AHC-HRSN-item-example-93159-2</a></li><li><a href="Observation-AHC-HRSN-item-example-97027-7.html">Observation/AHC-HRSN-item-example-97027-7</a></li><li><a href="Observation-AHC-HRSN-item-example-96782-8.html">Observation/AHC-HRSN-item-example-96782-8</a></li><li><a href="Observation-AHC-HRSN-item-example-89555-7.html">Observation/AHC-HRSN-item-example-89555-7</a></li><li><a href="Observation-AHC-HRSN-item-example-68516-4.html">Observation/AHC-HRSN-item-example-68516-4</a></li><li><a href="Observation-AHC-HRSN-item-example-68517-2.html">Observation/AHC-HRSN-item-example-68517-2</a></li><li><a href="Observation-AHC-HRSN-item-example-96842-0.html">Observation/AHC-HRSN-item-example-96842-0</a></li><li><a href="Observation-AHC-HRSN-item-example-95530-2.html">Observation/AHC-HRSN-item-example-95530-2</a></li><li><a href="Observation-AHC-HRSN-item-example-68524-8.html">Observation/AHC-HRSN-item-example-68524-8</a></li><li><a href="Observation-AHC-HRSN-item-example-44250-9.html">Observation/AHC-HRSN-item-example-44250-9</a></li><li><a href="Observation-AHC-HRSN-item-example-44255-8.html">Observation/AHC-HRSN-item-example-44255-8</a></li><li><a href="Observation-AHC-HRSN-item-example-93038-8.html">Observation/AHC-HRSN-item-example-93038-8</a></li><li><a href="Observation-AHC-HRSN-item-example-69858-9.html">Observation/AHC-HRSN-item-example-69858-9</a></li><li><a href="Observation-AHC-HRSN-item-example-69861-3.html">Observation/AHC-HRSN-item-example-69861-3</a></li></ul><p><b>derivedFrom</b>: <a href="QuestionnaireResponse-AHC-HRSN-screening-example.html">QuestionnaireResponse/AHC-HRSN-screening-example: US Core QuestionnaireResponse AHC HRSN Screening-Example Example</a></p></div>
  </text>
  <status value="final"/>
  <category>
    <coding>
      <system value="http://hl7.org/fhir/us/core/CodeSystem/us-core-tags"/>
      <code value="sdoh"/>
      <display value="SDOH"/>
    </coding>
  </category>
  <category>
    <coding>
      <system value="http://terminology.hl7.org/CodeSystem/observation-category"/>
      <code value="survey"/>
      <display value="Survey"/>
    </coding>
  </category>
  <code>
    <coding>
      <system value="http://loinc.org"/>
      <code value="96777-8"/>
      <display value="Accountable health communities (AHC) health-related social needs screening (HRSN) tool"/>
    </coding>
    <text value="Accountable health communities (AHC) health-related social needs screening (HRSN) tool"/>
  </code>
  <subject>
    <reference value="Patient/example"/>
  </subject>
  <effectiveDateTime value="2022-03-29T22:38:59.084000+00:00"/>
  <performer>
    <reference value="Patient/example"/>
  </performer>
  <hasMember>
    <reference value="Observation/AHC-HRSN-item-example-76513-1"/>
  </hasMember>
  <hasMember>
    <reference value="Observation/AHC-HRSN-item-example-96780-2"/>
  </hasMember>
  <hasMember>
    <reference value="Observation/AHC-HRSN-item-example-96781-0"/>
  </hasMember>
  <hasMember>
    <reference value="Observation/AHC-HRSN-item-example-93159-2"/>
  </hasMember>
  <hasMember>
    <reference value="Observation/AHC-HRSN-item-example-97027-7"/>
  </hasMember>
  <hasMember>
    <reference value="Observation/AHC-HRSN-item-example-96782-8"/>
  </hasMember>
  <hasMember>
    <reference value="Observation/AHC-HRSN-item-example-89555-7"/>
  </hasMember>
  <hasMember>
    <reference value="Observation/AHC-HRSN-item-example-68516-4"/>
  </hasMember>
  <hasMember>
    <reference value="Observation/AHC-HRSN-item-example-68517-2"/>
  </hasMember>
  <hasMember>
    <reference value="Observation/AHC-HRSN-item-example-96842-0"/>
  </hasMember>
  <hasMember>
    <reference value="Observation/AHC-HRSN-item-example-95530-2"/>
  </hasMember>
  <hasMember>
    <reference value="Observation/AHC-HRSN-item-example-68524-8"/>
  </hasMember>
  <hasMember>
    <reference value="Observation/AHC-HRSN-item-example-44250-9"/>
  </hasMember>
  <hasMember>
    <reference value="Observation/AHC-HRSN-item-example-44255-8"/>
  </hasMember>
  <hasMember>
    <reference value="Observation/AHC-HRSN-item-example-93038-8"/>
  </hasMember>
  <hasMember>
    <reference value="Observation/AHC-HRSN-item-example-69858-9"/>
  </hasMember>
  <hasMember>
    <reference value="Observation/AHC-HRSN-item-example-69861-3"/>
  </hasMember>
  <derivedFrom>
    <reference value="QuestionnaireResponse/AHC-HRSN-screening-example"/>
    <display value="US Core QuestionnaireResponse AHC HRSN Screening-Example Example"/>
  </derivedFrom>
</Observation>