<?xml version="1.0" encoding="UTF-8"?>

<Observation xmlns="http://hl7.org/fhir">
  <id value="PRAPARE-panel-example-93025-5"/>
  <meta>
    <extension url="http://hl7.org/fhir/StructureDefinition/instance-name">
      <valueString value="Prapare Panel Example 93025-5"/>
    </extension>
    <extension url="http://hl7.org/fhir/StructureDefinition/instance-description">
      <valueMarkdown value="This is a Prapare Panel Example 93025-5 (Protocol for Responding to and Assessing Patients' Assets, Risks, and Experiences [PRAPARE]) for the *US Core Screening Response Observation Profile*"/>
    </extension>
    <profile value="http://hl7.org/fhir/us/core/StructureDefinition/us-core-observation-sdoh-assessment"/>
  </meta>
  <text>
    <status value="generated"/><div xmlns="http://www.w3.org/1999/xhtml"><p><b>Generated Narrative</b></p><div style="display: inline-block; background-color: #d9e0e7; padding: 6px; margin: 4px; border: 1px solid #8da1b4; border-radius: 5px; line-height: 60%"><p style="margin-bottom: 0px">Resource "PRAPARE-panel-example-93025-5" </p><p style="margin-bottom: 0px">Profile: <a href="StructureDefinition-us-core-observation-sdoh-assessment.html">US Core Observation SDOH Assessment Profile</a></p></div><p><b>status</b>: final</p><p><b>category</b>: SDOH <span style="background: LightGoldenRodYellow; margin: 4px; border: 1px solid khaki"> (<a href="CodeSystem-us-core-tags.html">US Core Tags CodeSystem</a>#sdoh)</span>, Survey <span style="background: LightGoldenRodYellow; margin: 4px; border: 1px solid khaki"> (<a href="http://terminology.hl7.org/3.1.0/CodeSystem-observation-category.html">Observation Category Codes</a>#survey)</span></p><p><b>code</b>: Protocol for Responding to and Assessing Patients' Assets, Risks, and Experiences <span style="background: LightGoldenRodYellow; margin: 4px; border: 1px solid khaki"> (<a href="https://loinc.org/">LOINC</a>#93025-5 "Protocol for Responding to and Assessing Patients' Assets, Risks, and Experiences [PRAPARE]")</span></p><p><b>subject</b>: <a href="Patient-example.html">Patient/example</a> " SHAW"</p><p><b>effective</b>: 2022-03-28 06:30:40-0700</p><p><b>performer</b>: <a href="Patient-example.html">Patient/example</a> " SHAW"</p><p><b>hasMember</b>: </p><ul><li><a href="Observation-PRAPARE-panel-example-93043-8.html">Observation/PRAPARE-panel-example-93043-8</a></li><li><a href="Observation-PRAPARE-panel-example-93042-0.html">Observation/PRAPARE-panel-example-93042-0</a></li><li><a href="Observation-PRAPARE-panel-example-93041-2.html">Observation/PRAPARE-panel-example-93041-2</a></li><li><a href="Observation-PRAPARE-panel-example-93040-4.html">Observation/PRAPARE-panel-example-93040-4</a></li><li><a href="Observation-PRAPARE-panel-example-93039-6.html">Observation/PRAPARE-panel-example-93039-6</a></li></ul><p><b>derivedFrom</b>: <a href="QuestionnaireResponse-PRAPARE-example.html">QuestionnaireResponse/PRAPARE-example: US Core QuestionnaireResponse PRAPARE Example</a></p></div>
  </text>
  <status value="final"/>
  <category>
    <coding>
      <system value="http://hl7.org/fhir/us/core/CodeSystem/us-core-tags"/>
      <code value="sdoh"/>
      <display value="SDOH"/>
    </coding>
  </category>
  <category>
    <coding>
      <system value="http://terminology.hl7.org/CodeSystem/observation-category"/>
      <code value="survey"/>
      <display value="Survey"/>
    </coding>
  </category>
  <code>
    <coding>
      <system value="http://loinc.org"/>
      <code value="93025-5"/>
      <display value="Protocol for Responding to and Assessing Patients' Assets, Risks, and Experiences [PRAPARE]"/>
    </coding>
    <text value="Protocol for Responding to and Assessing Patients' Assets, Risks, and Experiences"/>
  </code>
  <subject>
    <reference value="Patient/example"/>
  </subject>
  <effectiveDateTime value="2022-03-28T18:30:40-07:00"/>
  <performer>
    <reference value="Patient/example"/>
  </performer>
  <hasMember>
    <reference value="Observation/PRAPARE-panel-example-93043-8"/>
  </hasMember>
  <hasMember>
    <reference value="Observation/PRAPARE-panel-example-93042-0"/>
  </hasMember>
  <hasMember>
    <reference value="Observation/PRAPARE-panel-example-93041-2"/>
  </hasMember>
  <hasMember>
    <reference value="Observation/PRAPARE-panel-example-93040-4"/>
  </hasMember>
  <hasMember>
    <reference value="Observation/PRAPARE-panel-example-93039-6"/>
  </hasMember>
  <derivedFrom>
    <reference value="QuestionnaireResponse/PRAPARE-example"/>
    <display value="US Core QuestionnaireResponse PRAPARE Example"/>
  </derivedFrom>
</Observation>