<?xml version="1.0" encoding="UTF-8"?>

<Patient xmlns="http://hl7.org/fhir">
  <id value="infant-example"/>
  <meta>
    <extension url="http://hl7.org/fhir/StructureDefinition/instance-name">
      <valueString value="Patient Infant Example"/>
    </extension>
    <extension url="http://hl7.org/fhir/StructureDefinition/instance-description">
      <valueMarkdown value="This is a patient infant example for the *US Core Patient Profile*."/>
    </extension>
    <profile value="http://hl7.org/fhir/us/core/StructureDefinition/us-core-patient"/>
  </meta>
  <text>
    <status value="generated"/><div xmlns="http://www.w3.org/1999/xhtml"><p><b>Infant Example </b> male, DoB: 2020-06-02 ( Medical Record Number: 1032703 (USUAL))</p></div>
  </text>
  <extension url="http://hl7.org/fhir/us/core/StructureDefinition/us-core-race">
    <extension url="ombCategory">
      <valueCoding>
        <system value="urn:oid:2.16.840.1.113883.6.238"/>
        <code value="2028-9"/>
        <display value="Asian"/>
      </valueCoding>
    </extension>
    <extension url="text">
      <valueString value="Asian"/>
    </extension>
  </extension>
  <extension url="http://hl7.org/fhir/us/core/StructureDefinition/us-core-ethnicity">
    <extension url="ombCategory">
      <valueCoding>
        <system value="urn:oid:2.16.840.1.113883.6.238"/>
        <code value="2186-5"/>
        <display value="Not Hispanic or Latino"/>
      </valueCoding>
    </extension>
    <extension url="text">
      <valueString value="Not Hispanic or Latino"/>
    </extension>
  </extension>
  <extension url="http://hl7.org/fhir/us/core/StructureDefinition/us-core-birthsex">
    <valueCode value="M"/>
  </extension>
  <identifier>
    <use value="usual"/>
    <type>
      <coding>
        <system value="http://terminology.hl7.org/CodeSystem/v2-0203"/>
        <code value="MR"/>
        <display value="Medical Record Number"/>
      </coding>
      <text value="Medical Record Number"/>
    </type>
    <system value="http://hospital.smarthealthit.org"/>
    <value value="1032703"/>
  </identifier>
  <active value="true"/>
  <name>
    <family value="Example"/>
    <given value="Infant"/>
  </name>
  <telecom>
    <system value="phone"/>
    <value value="555-555-5555"/>
    <use value="home"/>
  </telecom>
  <gender value="male"/>
  <birthDate value="2020-06-02"/>
  <address>
    <line value="49 Meadow St"/>
    <city value="Mounds"/>
    <state value="OK"/>
    <postalCode value="74047"/>
    <country value="US"/>
  </address>
</Patient>