<?xml version="1.0" encoding="UTF-8"?>

<Practitioner xmlns="http://hl7.org/fhir">
  <id value="practitioner-2"/>
  <meta>
    <extension url="http://hl7.org/fhir/StructureDefinition/instance-name">
      <valueString value="Practitioner 2 Example"/>
    </extension>
    <extension url="http://hl7.org/fhir/StructureDefinition/instance-description">
      <valueMarkdown value="This is a practitioner 2 example for the *US Core Practitioner Profile*."/>
    </extension>
    <profile value="http://hl7.org/fhir/us/core/StructureDefinition/us-core-practitioner"/>
  </meta>
  <text>
    <status value="generated"/><div xmlns="http://www.w3.org/1999/xhtml"><p><b>Generated Narrative</b></p><div style="display: inline-block; background-color: #d9e0e7; padding: 6px; margin: 4px; border: 1px solid #8da1b4; border-radius: 5px; line-height: 60%"><p style="margin-bottom: 0px">Resource "practitioner-2" </p><p style="margin-bottom: 0px">Profile: <a href="StructureDefinition-us-core-practitioner.html">US Core Practitioner Profile</a></p></div><p><b>identifier</b>: id: 1245319599, id: 456789</p><p><b>name</b>: Fielding Kathy </p><p><b>telecom</b>: <a href="mailto:Kathy.Fielding@direct.ExampleMedicalPractice.net">Kathy.Fielding@direct.ExampleMedicalPractice.net</a></p><p><b>address</b>: 1080 FIRST COLONIAL RD Virginia Beach VA 21454-2406 (WORK)</p></div>
  </text>
  <identifier>
    <system value="http://hl7.org/fhir/sid/us-npi"/>
    <value value="1245319599"/>
  </identifier>
  <identifier>
    <system value="http://www.acme.org/practitioners"/>
    <value value="456789"/>
  </identifier>
  <name>
    <family value="Kathy"/>
    <given value="Fielding"/>
    <prefix value="Dr"/>
  </name>
  <telecom>
    <extension url="http://hl7.org/fhir/us/core/StructureDefinition/us-core-direct">
      <valueBoolean value="true"/>
    </extension>
    <system value="email"/>
    <value value="Kathy.Fielding@direct.ExampleMedicalPractice.net"/>
    <use value="work"/>
  </telecom>
  <address>
    <use value="work"/>
    <line value="1080 FIRST COLONIAL RD"/>
    <city value="Virginia Beach"/>
    <state value="VA"/>
    <postalCode value="21454-2406"/>
  </address>
</Practitioner>