<?xml version="1.0" encoding="UTF-8"?>

<Procedure xmlns="http://hl7.org/fhir">
  <id value="defib-implant"/>
  <meta>
    <extension url="http://hl7.org/fhir/StructureDefinition/instance-name">
      <valueString value="Procedure R4 Defib Implant Example"/>
    </extension>
    <extension url="http://hl7.org/fhir/StructureDefinition/instance-description">
      <valueMarkdown value="This is a Procedure R4 defib implant example for the *US Core Procedure Profile*."/>
    </extension>
    <profile value="http://hl7.org/fhir/us/core/StructureDefinition/us-core-procedure"/>
  </meta>
  <text>
    <status value="generated"/><div xmlns="http://www.w3.org/1999/xhtml"><p><b>Generated Narrative</b></p><div style="display: inline-block; background-color: #d9e0e7; padding: 6px; margin: 4px; border: 1px solid #8da1b4; border-radius: 5px; line-height: 60%"><p style="margin-bottom: 0px">Resource "defib-implant" </p><p style="margin-bottom: 0px">Profile: <a href="StructureDefinition-us-core-procedure.html">US Core Procedure Profile</a></p></div><p><b>identifier</b>: id: urn:uuid:b2a737f2-2fdb-49c1-b097-dac173d07aff</p><p><b>status</b>: completed</p><p><b>code</b>: Insertion or replacement of permanent implantable defibrillator system with transvenous lead(s), single or dual chamber <span style="background: LightGoldenRodYellow; margin: 4px; border: 1px solid khaki"> (<a href="http://terminology.hl7.org/3.1.0/CodeSystem-CPT.html">Current Procedural Terminology (CPT&reg;)</a>#33249)</span></p><p><b>subject</b>: <a href="Patient-example.html">Patient/example</a> " SHAW"</p><p><b>performed</b>: 2019-03-26 12:55:26-0700 --&gt; 2019-03-26 01:25:26-0700</p><h3>Performers</h3><table class="grid"><tr><td>-</td><td><b>Actor</b></td></tr><tr><td>*</td><td><a href="Practitioner-practitioner-1.html">Practitioner/practitioner-1</a> " BONE"</td></tr></table><h3>FocalDevices</h3><table class="grid"><tr><td>-</td><td><b>Manipulated</b></td></tr><tr><td>*</td><td><a href="Device-udi-2.html">Device/udi-2</a></td></tr></table></div>
  </text>
  <identifier>
    <system value="urn:ietf:rfc:3986"/>
    <value value="urn:uuid:b2a737f2-2fdb-49c1-b097-dac173d07aff"/>
  </identifier>
  <status value="completed"/>
  <code>
    <coding>
      <system value="http://www.ama-assn.org/go/cpt"/>
      <code value="33249"/>
    </coding>
    <text value="Insertion or replacement of permanent implantable defibrillator system with transvenous lead(s), single or dual chamber"/>
  </code>
  <subject>
    <reference value="Patient/example"/>
  </subject>
  <performedPeriod>
    <start value="2019-03-26T12:55:26-07:00"/>
    <end value="2019-03-26T13:25:26-07:00"/>
  </performedPeriod>
  <performer>
    <actor>
      <reference value="Practitioner/practitioner-1"/>
    </actor>
  </performer>
  <focalDevice>
    <manipulated>
      <reference value="Device/udi-2"/>
    </manipulated>
  </focalDevice>
</Procedure>