<?xml version="1.0" encoding="UTF-8"?>

<QuestionnaireResponse xmlns="http://hl7.org/fhir">
  <id value="AHC-HRSN-screening-example"/>
  <meta>
    <extension url="http://hl7.org/fhir/StructureDefinition/instance-name">
      <valueString value="AHC HRSN Screening Example"/>
    </extension>
    <extension url="http://hl7.org/fhir/StructureDefinition/instance-description">
      <valueMarkdown value="'An example of an SDC QuestionnaireResponse that represents questions and selected answers from the Accountable health communities (AHC) health-related social needs screening (HRSN) tool in LOINC (code  96777-8). The example is generated using the LHC-Forms SDC Questionnaire App.'"/>
    </extension>
    <profile value="http://hl7.org/fhir/us/core/StructureDefinition/us-core-questionnaireresponse"/>
    <tag>
      <system value="http://hl7.org/fhir/us/core/CodeSystem/us-core-tags"/>
      <code value="sdoh"/>
    </tag>
  </meta>
  <text>
    <status value="generated"/><div xmlns="http://www.w3.org/1999/xhtml"><table border="1" cellpadding="0" cellspacing="0" style="border: 1px #F0F0F0 solid; font-size: 11px; font-family: verdana; vertical-align: top;"><tr style="border: 2px #F0F0F0 solid; font-size: 11px; font-family: verdana; vertical-align: top"><th style="vertical-align: top; text-align : left; background-color: white; border: 1px #F0F0F0 solid; padding:0px 4px 0px 4px" class="hierarchy"><a href="http://hl7.org/fhir/R4/formats.html#table" title="The linkId for the item">LinkId</a></th><th style="vertical-align: top; text-align : left; background-color: white; border: 1px #F0F0F0 solid; padding:0px 4px 0px 4px" class="hierarchy"><a href="http://hl7.org/fhir/R4/formats.html#table" title="Text for the item">Text</a></th><th style="vertical-align: top; text-align : left; background-color: white; border: 1px #F0F0F0 solid; padding:0px 4px 0px 4px" class="hierarchy"><a href="http://hl7.org/fhir/R4/formats.html#table" title="Minimum and Maximum # of times the the itemcan appear in the instance">Definition</a></th><th style="vertical-align: top; text-align : left; background-color: white; border: 1px #F0F0F0 solid; padding:0px 4px 0px 4px" class="hierarchy"><a href="http://hl7.org/fhir/R4/formats.html#table" title="The type of the item">Answer</a><span style="float: right"><a href="http://hl7.org/fhir/R4/formats.html#table" title="Legend for this format"><img src="http://hl7.org/fhir/R4/help16.png" alt="doco" style="background-color: inherit"/></a></span></th></tr><tr style="border: 1px #F0F0F0 solid; padding:0px; vertical-align: top; background-color: white"><td style="vertical-align: top; text-align : left; background-color: white; border: 1px #F0F0F0 solid; padding:0px 4px 0px 4px; white-space: nowrap; background-image: url(tbl_bck1.png)" class="hierarchy"><img src="tbl_spacer.png" alt="." style="background-color: inherit" class="hierarchy"/><img src="icon_q_root.gif" alt="." style="background-color: white; background-color: inherit" title="QuestionnaireResponseRoot" class="hierarchy"/> AHC-HRSN-screening-example</td><td style="vertical-align: top; text-align : left; background-color: white; border: 1px #F0F0F0 solid; padding:0px 4px 0px 4px" class="hierarchy"></td><td style="vertical-align: top; text-align : left; background-color: white; border: 1px #F0F0F0 solid; padding:0px 4px 0px 4px" class="hierarchy">QuestionnaireResponse</td><td style="vertical-align: top; text-align : left; background-color: white; border: 1px #F0F0F0 solid; padding:0px 4px 0px 4px" class="hierarchy"></td></tr>
<tr style="border: 1px #F0F0F0 solid; padding:0px; vertical-align: top; background-color: #F7F7F7"><td style="vertical-align: top; text-align : left; background-color: #F7F7F7; border: 1px #F0F0F0 solid; padding:0px 4px 0px 4px; white-space: nowrap; background-image: url(tbl_bck10.png)" class="hierarchy"><img src="tbl_spacer.png" alt="." style="background-color: inherit" class="hierarchy"/><img src="tbl_vjoin.png" alt="." style="background-color: inherit" class="hierarchy"/><img src="icon-q-string.png" alt="." style="background-color: #F7F7F7; background-color: inherit" title="Item" class="hierarchy"/> /76513-1</td><td style="vertical-align: top; text-align : left; background-color: #F7F7F7; border: 1px #F0F0F0 solid; padding:0px 4px 0px 4px" class="hierarchy">How hard is it for you to pay for the very basics like food, housing, medical care, and heating?</td><td style="vertical-align: top; text-align : left; background-color: #F7F7F7; border: 1px #F0F0F0 solid; padding:0px 4px 0px 4px" class="hierarchy"></td><td style="vertical-align: top; text-align : left; background-color: #F7F7F7; border: 1px #F0F0F0 solid; padding:0px 4px 0px 4px" class="hierarchy"><span><span><a href="https://loinc.org/LA31980-8">LOINC</a> LA31980-8: Not hard at all</span></span></td></tr>
<tr style="border: 1px #F0F0F0 solid; padding:0px; vertical-align: top; background-color: white"><td style="vertical-align: top; text-align : left; background-color: white; border: 1px #F0F0F0 solid; padding:0px 4px 0px 4px; white-space: nowrap; background-image: url(tbl_bck10.png)" class="hierarchy"><img src="tbl_spacer.png" alt="." style="background-color: inherit" class="hierarchy"/><img src="tbl_vjoin.png" alt="." style="background-color: inherit" class="hierarchy"/><img src="icon-q-string.png" alt="." style="background-color: white; background-color: inherit" title="Item" class="hierarchy"/> /96780-2</td><td style="vertical-align: top; text-align : left; background-color: white; border: 1px #F0F0F0 solid; padding:0px 4px 0px 4px" class="hierarchy">Do you want help finding or keeping work or a job?</td><td style="vertical-align: top; text-align : left; background-color: white; border: 1px #F0F0F0 solid; padding:0px 4px 0px 4px" class="hierarchy"></td><td style="vertical-align: top; text-align : left; background-color: white; border: 1px #F0F0F0 solid; padding:0px 4px 0px 4px" class="hierarchy"><span><span><a href="https://loinc.org/LA31983-2">LOINC</a> LA31983-2: I do not need or want help</span></span></td></tr>
<tr style="border: 1px #F0F0F0 solid; padding:0px; vertical-align: top; background-color: #F7F7F7"><td style="vertical-align: top; text-align : left; background-color: #F7F7F7; border: 1px #F0F0F0 solid; padding:0px 4px 0px 4px; white-space: nowrap; background-image: url(tbl_bck10.png)" class="hierarchy"><img src="tbl_spacer.png" alt="." style="background-color: inherit" class="hierarchy"/><img src="tbl_vjoin.png" alt="." style="background-color: inherit" class="hierarchy"/><img src="icon-q-string.png" alt="." style="background-color: #F7F7F7; background-color: inherit" title="Item" class="hierarchy"/> /96781-0</td><td style="vertical-align: top; text-align : left; background-color: #F7F7F7; border: 1px #F0F0F0 solid; padding:0px 4px 0px 4px" class="hierarchy">If for any reason you need help with day-to-day activities such as bathing, preparing meals, shopping, managing finances, etc., do you get the help you need?</td><td style="vertical-align: top; text-align : left; background-color: #F7F7F7; border: 1px #F0F0F0 solid; padding:0px 4px 0px 4px" class="hierarchy"></td><td style="vertical-align: top; text-align : left; background-color: #F7F7F7; border: 1px #F0F0F0 solid; padding:0px 4px 0px 4px" class="hierarchy"><span><span><a href="https://loinc.org/LA31976-6">LOINC</a> LA31976-6: I don't need any help</span></span></td></tr>
<tr style="border: 1px #F0F0F0 solid; padding:0px; vertical-align: top; background-color: white"><td style="vertical-align: top; text-align : left; background-color: white; border: 1px #F0F0F0 solid; padding:0px 4px 0px 4px; white-space: nowrap; background-image: url(tbl_bck10.png)" class="hierarchy"><img src="tbl_spacer.png" alt="." style="background-color: inherit" class="hierarchy"/><img src="tbl_vjoin.png" alt="." style="background-color: inherit" class="hierarchy"/><img src="icon-q-string.png" alt="." style="background-color: white; background-color: inherit" title="Item" class="hierarchy"/> /93159-2</td><td style="vertical-align: top; text-align : left; background-color: white; border: 1px #F0F0F0 solid; padding:0px 4px 0px 4px" class="hierarchy">How often do you feel lonely or isolated from those around you?</td><td style="vertical-align: top; text-align : left; background-color: white; border: 1px #F0F0F0 solid; padding:0px 4px 0px 4px" class="hierarchy"></td><td style="vertical-align: top; text-align : left; background-color: white; border: 1px #F0F0F0 solid; padding:0px 4px 0px 4px" class="hierarchy"><span><span><a href="https://loinc.org/LA6270-8">LOINC</a> LA6270-8: Never</span></span></td></tr>
<tr style="border: 1px #F0F0F0 solid; padding:0px; vertical-align: top; background-color: #F7F7F7"><td style="vertical-align: top; text-align : left; background-color: #F7F7F7; border: 1px #F0F0F0 solid; padding:0px 4px 0px 4px; white-space: nowrap; background-image: url(tbl_bck10.png)" class="hierarchy"><img src="tbl_spacer.png" alt="." style="background-color: inherit" class="hierarchy"/><img src="tbl_vjoin.png" alt="." style="background-color: inherit" class="hierarchy"/><img src="icon-q-string.png" alt="." style="background-color: #F7F7F7; background-color: inherit" title="Item" class="hierarchy"/> /97027-7</td><td style="vertical-align: top; text-align : left; background-color: #F7F7F7; border: 1px #F0F0F0 solid; padding:0px 4px 0px 4px" class="hierarchy">Do you speak a language other than English at home?</td><td style="vertical-align: top; text-align : left; background-color: #F7F7F7; border: 1px #F0F0F0 solid; padding:0px 4px 0px 4px" class="hierarchy"></td><td style="vertical-align: top; text-align : left; background-color: #F7F7F7; border: 1px #F0F0F0 solid; padding:0px 4px 0px 4px" class="hierarchy"><span><span><a href="https://loinc.org/LA32-8">LOINC</a> LA32-8: No</span></span></td></tr>
<tr style="border: 1px #F0F0F0 solid; padding:0px; vertical-align: top; background-color: white"><td style="vertical-align: top; text-align : left; background-color: white; border: 1px #F0F0F0 solid; padding:0px 4px 0px 4px; white-space: nowrap; background-image: url(tbl_bck10.png)" class="hierarchy"><img src="tbl_spacer.png" alt="." style="background-color: inherit" class="hierarchy"/><img src="tbl_vjoin.png" alt="." style="background-color: inherit" class="hierarchy"/><img src="icon-q-string.png" alt="." style="background-color: white; background-color: inherit" title="Item" class="hierarchy"/> /96782-8</td><td style="vertical-align: top; text-align : left; background-color: white; border: 1px #F0F0F0 solid; padding:0px 4px 0px 4px" class="hierarchy">Do you want help with school or training? For example, starting or completing job training or getting a high school diploma, GED or equivalent.</td><td style="vertical-align: top; text-align : left; background-color: white; border: 1px #F0F0F0 solid; padding:0px 4px 0px 4px" class="hierarchy"></td><td style="vertical-align: top; text-align : left; background-color: white; border: 1px #F0F0F0 solid; padding:0px 4px 0px 4px" class="hierarchy"><span><span><a href="https://loinc.org/LA32-8">LOINC</a> LA32-8: No</span></span></td></tr>
<tr style="border: 1px #F0F0F0 solid; padding:0px; vertical-align: top; background-color: #F7F7F7"><td style="vertical-align: top; text-align : left; background-color: #F7F7F7; border: 1px #F0F0F0 solid; padding:0px 4px 0px 4px; white-space: nowrap; background-image: url(tbl_bck10.png)" class="hierarchy"><img src="tbl_spacer.png" alt="." style="background-color: inherit" class="hierarchy"/><img src="tbl_vjoin.png" alt="." style="background-color: inherit" class="hierarchy"/><img src="icon-q-string.png" alt="." style="background-color: #F7F7F7; background-color: inherit" title="Item" class="hierarchy"/> /89555-7</td><td style="vertical-align: top; text-align : left; background-color: #F7F7F7; border: 1px #F0F0F0 solid; padding:0px 4px 0px 4px" class="hierarchy">In the last 30 days, other than the activities you did for work, on average, how many days per week did you engage in moderate exercise (like walking fast, running, jogging, dancing, swimming, biking, or other similar activities)?</td><td style="vertical-align: top; text-align : left; background-color: #F7F7F7; border: 1px #F0F0F0 solid; padding:0px 4px 0px 4px" class="hierarchy"></td><td style="vertical-align: top; text-align : left; background-color: #F7F7F7; border: 1px #F0F0F0 solid; padding:0px 4px 0px 4px" class="hierarchy"><span><span><a href="https://loinc.org/LA10137-0">LOINC</a> LA10137-0: 5</span></span></td></tr>
<tr style="border: 1px #F0F0F0 solid; padding:0px; vertical-align: top; background-color: white"><td style="vertical-align: top; text-align : left; background-color: white; border: 1px #F0F0F0 solid; padding:0px 4px 0px 4px; white-space: nowrap; background-image: url(tbl_bck10.png)" class="hierarchy"><img src="tbl_spacer.png" alt="." style="background-color: inherit" class="hierarchy"/><img src="tbl_vjoin.png" alt="." style="background-color: inherit" class="hierarchy"/><img src="icon-q-string.png" alt="." style="background-color: white; background-color: inherit" title="Item" class="hierarchy"/> /68516-4</td><td style="vertical-align: top; text-align : left; background-color: white; border: 1px #F0F0F0 solid; padding:0px 4px 0px 4px" class="hierarchy">On average, how many minutes did you usually spend exercising at this level on one of those days?</td><td style="vertical-align: top; text-align : left; background-color: white; border: 1px #F0F0F0 solid; padding:0px 4px 0px 4px" class="hierarchy"></td><td style="vertical-align: top; text-align : left; background-color: white; border: 1px #F0F0F0 solid; padding:0px 4px 0px 4px" class="hierarchy"><span><span><a href="https://loinc.org/LA28853-2">LOINC</a> LA28853-2: 60</span></span></td></tr>
<tr style="border: 1px #F0F0F0 solid; padding:0px; vertical-align: top; background-color: #F7F7F7"><td style="vertical-align: top; text-align : left; background-color: #F7F7F7; border: 1px #F0F0F0 solid; padding:0px 4px 0px 4px; white-space: nowrap; background-image: url(tbl_bck10.png)" class="hierarchy"><img src="tbl_spacer.png" alt="." style="background-color: inherit" class="hierarchy"/><img src="tbl_vjoin.png" alt="." style="background-color: inherit" class="hierarchy"/><img src="icon-q-string.png" alt="." style="background-color: #F7F7F7; background-color: inherit" title="Item" class="hierarchy"/> /68517-2</td><td style="vertical-align: top; text-align : left; background-color: #F7F7F7; border: 1px #F0F0F0 solid; padding:0px 4px 0px 4px" class="hierarchy">How many times in the past 12 months have you had 5 or more drinks in a day (males) or 4 or more drinks in a day (females)?</td><td style="vertical-align: top; text-align : left; background-color: #F7F7F7; border: 1px #F0F0F0 solid; padding:0px 4px 0px 4px" class="hierarchy"></td><td style="vertical-align: top; text-align : left; background-color: #F7F7F7; border: 1px #F0F0F0 solid; padding:0px 4px 0px 4px" class="hierarchy"><span><span><a href="https://loinc.org/LA6270-8">LOINC</a> LA6270-8: Never</span></span></td></tr>
<tr style="border: 1px #F0F0F0 solid; padding:0px; vertical-align: top; background-color: white"><td style="vertical-align: top; text-align : left; background-color: white; border: 1px #F0F0F0 solid; padding:0px 4px 0px 4px; white-space: nowrap; background-image: url(tbl_bck10.png)" class="hierarchy"><img src="tbl_spacer.png" alt="." style="background-color: inherit" class="hierarchy"/><img src="tbl_vjoin.png" alt="." style="background-color: inherit" class="hierarchy"/><img src="icon-q-string.png" alt="." style="background-color: white; background-color: inherit" title="Item" class="hierarchy"/> /96842-0</td><td style="vertical-align: top; text-align : left; background-color: white; border: 1px #F0F0F0 solid; padding:0px 4px 0px 4px" class="hierarchy">How often have you used any tobacco product in past 12 months?</td><td style="vertical-align: top; text-align : left; background-color: white; border: 1px #F0F0F0 solid; padding:0px 4px 0px 4px" class="hierarchy"></td><td style="vertical-align: top; text-align : left; background-color: white; border: 1px #F0F0F0 solid; padding:0px 4px 0px 4px" class="hierarchy"><span><span><a href="https://loinc.org/LA6270-8">LOINC</a> LA6270-8: Never</span></span></td></tr>
<tr style="border: 1px #F0F0F0 solid; padding:0px; vertical-align: top; background-color: #F7F7F7"><td style="vertical-align: top; text-align : left; background-color: #F7F7F7; border: 1px #F0F0F0 solid; padding:0px 4px 0px 4px; white-space: nowrap; background-image: url(tbl_bck10.png)" class="hierarchy"><img src="tbl_spacer.png" alt="." style="background-color: inherit" class="hierarchy"/><img src="tbl_vjoin.png" alt="." style="background-color: inherit" class="hierarchy"/><img src="icon-q-string.png" alt="." style="background-color: #F7F7F7; background-color: inherit" title="Item" class="hierarchy"/> /95530-2</td><td style="vertical-align: top; text-align : left; background-color: #F7F7F7; border: 1px #F0F0F0 solid; padding:0px 4px 0px 4px" class="hierarchy">How many times in the past year have you used prescription drugs for non-medical reasons?</td><td style="vertical-align: top; text-align : left; background-color: #F7F7F7; border: 1px #F0F0F0 solid; padding:0px 4px 0px 4px" class="hierarchy"></td><td style="vertical-align: top; text-align : left; background-color: #F7F7F7; border: 1px #F0F0F0 solid; padding:0px 4px 0px 4px" class="hierarchy"><span><span><a href="https://loinc.org/LA6270-8">LOINC</a> LA6270-8: Never</span></span></td></tr>
<tr style="border: 1px #F0F0F0 solid; padding:0px; vertical-align: top; background-color: white"><td style="vertical-align: top; text-align : left; background-color: white; border: 1px #F0F0F0 solid; padding:0px 4px 0px 4px; white-space: nowrap; background-image: url(tbl_bck10.png)" class="hierarchy"><img src="tbl_spacer.png" alt="." style="background-color: inherit" class="hierarchy"/><img src="tbl_vjoin.png" alt="." style="background-color: inherit" class="hierarchy"/><img src="icon-q-string.png" alt="." style="background-color: white; background-color: inherit" title="Item" class="hierarchy"/> /68524-8</td><td style="vertical-align: top; text-align : left; background-color: white; border: 1px #F0F0F0 solid; padding:0px 4px 0px 4px" class="hierarchy">How many times in the past year have you used illegal drugs?</td><td style="vertical-align: top; text-align : left; background-color: white; border: 1px #F0F0F0 solid; padding:0px 4px 0px 4px" class="hierarchy"></td><td style="vertical-align: top; text-align : left; background-color: white; border: 1px #F0F0F0 solid; padding:0px 4px 0px 4px" class="hierarchy"><span><span><a href="https://loinc.org/LA6270-8">LOINC</a> LA6270-8: Never</span></span></td></tr>
<tr style="border: 1px #F0F0F0 solid; padding:0px; vertical-align: top; background-color: #F7F7F7"><td style="vertical-align: top; text-align : left; background-color: #F7F7F7; border: 1px #F0F0F0 solid; padding:0px 4px 0px 4px; white-space: nowrap; background-image: url(tbl_bck10.png)" class="hierarchy"><img src="tbl_spacer.png" alt="." style="background-color: inherit" class="hierarchy"/><img src="tbl_vjoin.png" alt="." style="background-color: inherit" class="hierarchy"/><img src="icon-q-string.png" alt="." style="background-color: #F7F7F7; background-color: inherit" title="Item" class="hierarchy"/> /44250-9</td><td style="vertical-align: top; text-align : left; background-color: #F7F7F7; border: 1px #F0F0F0 solid; padding:0px 4px 0px 4px" class="hierarchy">Little interest or pleasure in doing things?</td><td style="vertical-align: top; text-align : left; background-color: #F7F7F7; border: 1px #F0F0F0 solid; padding:0px 4px 0px 4px" class="hierarchy"></td><td style="vertical-align: top; text-align : left; background-color: #F7F7F7; border: 1px #F0F0F0 solid; padding:0px 4px 0px 4px" class="hierarchy"><span><span><a href="https://loinc.org/LA6568-5">LOINC</a> LA6568-5: Not at all</span></span></td></tr>
<tr style="border: 1px #F0F0F0 solid; padding:0px; vertical-align: top; background-color: white"><td style="vertical-align: top; text-align : left; background-color: white; border: 1px #F0F0F0 solid; padding:0px 4px 0px 4px; white-space: nowrap; background-image: url(tbl_bck10.png)" class="hierarchy"><img src="tbl_spacer.png" alt="." style="background-color: inherit" class="hierarchy"/><img src="tbl_vjoin.png" alt="." style="background-color: inherit" class="hierarchy"/><img src="icon-q-string.png" alt="." style="background-color: white; background-color: inherit" title="Item" class="hierarchy"/> /44255-8</td><td style="vertical-align: top; text-align : left; background-color: white; border: 1px #F0F0F0 solid; padding:0px 4px 0px 4px" class="hierarchy">Feeling down, depressed, or hopeless?</td><td style="vertical-align: top; text-align : left; background-color: white; border: 1px #F0F0F0 solid; padding:0px 4px 0px 4px" class="hierarchy"></td><td style="vertical-align: top; text-align : left; background-color: white; border: 1px #F0F0F0 solid; padding:0px 4px 0px 4px" class="hierarchy"><span><span><a href="https://loinc.org/LA6568-5">LOINC</a> LA6568-5: Not at all</span></span></td></tr>
<tr style="border: 1px #F0F0F0 solid; padding:0px; vertical-align: top; background-color: #F7F7F7"><td style="vertical-align: top; text-align : left; background-color: #F7F7F7; border: 1px #F0F0F0 solid; padding:0px 4px 0px 4px; white-space: nowrap; background-image: url(tbl_bck10.png)" class="hierarchy"><img src="tbl_spacer.png" alt="." style="background-color: inherit" class="hierarchy"/><img src="tbl_vjoin.png" alt="." style="background-color: inherit" class="hierarchy"/><img src="icon-q-string.png" alt="." style="background-color: #F7F7F7; background-color: inherit" title="Item" class="hierarchy"/> /93038-8</td><td style="vertical-align: top; text-align : left; background-color: #F7F7F7; border: 1px #F0F0F0 solid; padding:0px 4px 0px 4px" class="hierarchy">Stress means a situation in which a person feels tense, restless, nervous, or anxious, or is unable to sleep at night because his or her mind is troubled all the time.  Do you feel this kind of stress these days?</td><td style="vertical-align: top; text-align : left; background-color: #F7F7F7; border: 1px #F0F0F0 solid; padding:0px 4px 0px 4px" class="hierarchy"></td><td style="vertical-align: top; text-align : left; background-color: #F7F7F7; border: 1px #F0F0F0 solid; padding:0px 4px 0px 4px" class="hierarchy"><span><span><a href="https://loinc.org/LA13863-8">LOINC</a> LA13863-8: A little bit</span></span></td></tr>
<tr style="border: 1px #F0F0F0 solid; padding:0px; vertical-align: top; background-color: white"><td style="vertical-align: top; text-align : left; background-color: white; border: 1px #F0F0F0 solid; padding:0px 4px 0px 4px; white-space: nowrap; background-image: url(tbl_bck10.png)" class="hierarchy"><img src="tbl_spacer.png" alt="." style="background-color: inherit" class="hierarchy"/><img src="tbl_vjoin.png" alt="." style="background-color: inherit" class="hierarchy"/><img src="icon-q-string.png" alt="." style="background-color: white; background-color: inherit" title="Item" class="hierarchy"/> /69858-9</td><td style="vertical-align: top; text-align : left; background-color: white; border: 1px #F0F0F0 solid; padding:0px 4px 0px 4px" class="hierarchy">Because of a physical, mental, or emotional condition, do you have serious difficulty concentrating, remembering, or making decisions?</td><td style="vertical-align: top; text-align : left; background-color: white; border: 1px #F0F0F0 solid; padding:0px 4px 0px 4px" class="hierarchy"></td><td style="vertical-align: top; text-align : left; background-color: white; border: 1px #F0F0F0 solid; padding:0px 4px 0px 4px" class="hierarchy"><span><span><a href="https://loinc.org/LA32-8">LOINC</a> LA32-8: No</span></span></td></tr>
<tr style="border: 1px #F0F0F0 solid; padding:0px; vertical-align: top; background-color: #F7F7F7"><td style="vertical-align: top; text-align : left; background-color: #F7F7F7; border: 1px #F0F0F0 solid; padding:0px 4px 0px 4px; white-space: nowrap; background-image: url(tbl_bck00.png)" class="hierarchy"><img src="tbl_spacer.png" alt="." style="background-color: inherit" class="hierarchy"/><img src="tbl_vjoin_end.png" alt="." style="background-color: inherit" class="hierarchy"/><img src="icon-q-string.png" alt="." style="background-color: #F7F7F7; background-color: inherit" title="Item" class="hierarchy"/> /69861-3</td><td style="vertical-align: top; text-align : left; background-color: #F7F7F7; border: 1px #F0F0F0 solid; padding:0px 4px 0px 4px" class="hierarchy">Because of a physical, mental, or emotional condition, do you have difficulty doing errands alone such as visiting a physician's office or shopping?</td><td style="vertical-align: top; text-align : left; background-color: #F7F7F7; border: 1px #F0F0F0 solid; padding:0px 4px 0px 4px" class="hierarchy"></td><td style="vertical-align: top; text-align : left; background-color: #F7F7F7; border: 1px #F0F0F0 solid; padding:0px 4px 0px 4px" class="hierarchy"><span><span><a href="https://loinc.org/LA32-8">LOINC</a> LA32-8: No</span></span></td></tr>
<tr><td colspan="4" class="hierarchy"><br/><a href="http://hl7.org/fhir/R4/formats.html#table" title="Legend for this format"><img src="http://hl7.org/fhir/R4/help16.png" alt="doco" style="background-color: inherit"/> Documentation for this format</a></td></tr></table></div>
  </text>
  <questionnaire value="http://example.org/Questionnaire/lforms-ahn-hrsn-screening">
    <extension url="http://hl7.org/fhir/us/core/StructureDefinition/us-core-extension-questionnaire-uri">
      <valueUri value="http://example.org/Questionnaire/lforms-ahn-hrsn-screening"/>
    </extension>
  </questionnaire>
  <status value="completed"/>
  <subject>
    <reference value="Patient/example"/>
    <display value="Amy V. Shaw"/>
  </subject>
  <authored value="2022-03-29T22:38:59.084Z"/>
  <item>
    <linkId value="/76513-1"/>
    <text value="How hard is it for you to pay for the very basics like food, housing, medical care, and heating?"/>
    <answer>
      <valueCoding>
        <system value="http://loinc.org"/>
        <code value="LA31980-8"/>
        <display value="Not hard at all"/>
      </valueCoding>
    </answer>
  </item>
  <item>
    <linkId value="/96780-2"/>
    <text value="Do you want help finding or keeping work or a job?"/>
    <answer>
      <valueCoding>
        <system value="http://loinc.org"/>
        <code value="LA31983-2"/>
        <display value="I do not need or want help"/>
      </valueCoding>
    </answer>
  </item>
  <item>
    <linkId value="/96781-0"/>
    <text value="If for any reason you need help with day-to-day activities such as bathing, preparing meals, shopping, managing finances, etc., do you get the help you need?"/>
    <answer>
      <valueCoding>
        <system value="http://loinc.org"/>
        <code value="LA31976-6"/>
        <display value="I don't need any help"/>
      </valueCoding>
    </answer>
  </item>
  <item>
    <linkId value="/93159-2"/>
    <text value="How often do you feel lonely or isolated from those around you?"/>
    <answer>
      <valueCoding>
        <system value="http://loinc.org"/>
        <code value="LA6270-8"/>
        <display value="Never"/>
      </valueCoding>
    </answer>
  </item>
  <item>
    <linkId value="/97027-7"/>
    <text value="Do you speak a language other than English at home?"/>
    <answer>
      <valueCoding>
        <system value="http://loinc.org"/>
        <code value="LA32-8"/>
        <display value="No"/>
      </valueCoding>
    </answer>
  </item>
  <item>
    <linkId value="/96782-8"/>
    <text value="Do you want help with school or training? For example, starting or completing job training or getting a high school diploma, GED or equivalent."/>
    <answer>
      <valueCoding>
        <system value="http://loinc.org"/>
        <code value="LA32-8"/>
        <display value="No"/>
      </valueCoding>
    </answer>
  </item>
  <item>
    <linkId value="/89555-7"/>
    <text value="In the last 30 days, other than the activities you did for work, on average, how many days per week did you engage in moderate exercise (like walking fast, running, jogging, dancing, swimming, biking, or other similar activities)?"/>
    <answer>
      <valueCoding>
        <system value="http://loinc.org"/>
        <code value="LA10137-0"/>
        <display value="5"/>
      </valueCoding>
    </answer>
  </item>
  <item>
    <linkId value="/68516-4"/>
    <text value="On average, how many minutes did you usually spend exercising at this level on one of those days?"/>
    <answer>
      <valueCoding>
        <system value="http://loinc.org"/>
        <code value="LA28853-2"/>
        <display value="60"/>
      </valueCoding>
    </answer>
  </item>
  <item>
    <linkId value="/68517-2"/>
    <text value="How many times in the past 12 months have you had 5 or more drinks in a day (males) or 4 or more drinks in a day (females)?"/>
    <answer>
      <valueCoding>
        <system value="http://loinc.org"/>
        <code value="LA6270-8"/>
        <display value="Never"/>
      </valueCoding>
    </answer>
  </item>
  <item>
    <linkId value="/96842-0"/>
    <text value="How often have you used any tobacco product in past 12 months?"/>
    <answer>
      <valueCoding>
        <system value="http://loinc.org"/>
        <code value="LA6270-8"/>
        <display value="Never"/>
      </valueCoding>
    </answer>
  </item>
  <item>
    <linkId value="/95530-2"/>
    <text value="How many times in the past year have you used prescription drugs for non-medical reasons?"/>
    <answer>
      <valueCoding>
        <system value="http://loinc.org"/>
        <code value="LA6270-8"/>
        <display value="Never"/>
      </valueCoding>
    </answer>
  </item>
  <item>
    <linkId value="/68524-8"/>
    <text value="How many times in the past year have you used illegal drugs?"/>
    <answer>
      <valueCoding>
        <system value="http://loinc.org"/>
        <code value="LA6270-8"/>
        <display value="Never"/>
      </valueCoding>
    </answer>
  </item>
  <item>
    <linkId value="/44250-9"/>
    <text value="Little interest or pleasure in doing things?"/>
    <answer>
      <valueCoding>
        <system value="http://loinc.org"/>
        <code value="LA6568-5"/>
        <display value="Not at all"/>
      </valueCoding>
    </answer>
  </item>
  <item>
    <linkId value="/44255-8"/>
    <text value="Feeling down, depressed, or hopeless?"/>
    <answer>
      <valueCoding>
        <system value="http://loinc.org"/>
        <code value="LA6568-5"/>
        <display value="Not at all"/>
      </valueCoding>
    </answer>
  </item>
  <item>
    <linkId value="/93038-8"/>
    <text value="Stress means a situation in which a person feels tense, restless, nervous, or anxious, or is unable to sleep at night because his or her mind is troubled all the time.  Do you feel this kind of stress these days?"/>
    <answer>
      <valueCoding>
        <system value="http://loinc.org"/>
        <code value="LA13863-8"/>
        <display value="A little bit"/>
      </valueCoding>
    </answer>
  </item>
  <item>
    <linkId value="/69858-9"/>
    <text value="Because of a physical, mental, or emotional condition, do you have serious difficulty concentrating, remembering, or making decisions?"/>
    <answer>
      <valueCoding>
        <system value="http://loinc.org"/>
        <code value="LA32-8"/>
        <display value="No"/>
      </valueCoding>
    </answer>
  </item>
  <item>
    <linkId value="/69861-3"/>
    <text value="Because of a physical, mental, or emotional condition, do you have difficulty doing errands alone such as visiting a physician's office or shopping?"/>
    <answer>
      <valueCoding>
        <system value="http://loinc.org"/>
        <code value="LA32-8"/>
        <display value="No"/>
      </valueCoding>
    </answer>
  </item>
</QuestionnaireResponse>