<?xml version="1.0" encoding="UTF-8"?>

<ValueSet xmlns="http://hl7.org/fhir">
  <id value="us-core-vital-signs"/>
  <text>
    <status value="generated"/><div xmlns="http://www.w3.org/1999/xhtml"><p>This value set includes codes based on the following rules:</p><ul><li>Include these codes as defined in <a href="http://loinc.org"><code>http://loinc.org</code></a><table class="none"><tr><td style="white-space:nowrap"><b>Code</b></td><td><b>Display</b></td></tr><tr><td><a href="http://details.loinc.org/LOINC/59576-9.html">59576-9</a></td><td>Body mass index (BMI) [Percentile] Per age and sex</td></tr><tr><td><a href="http://details.loinc.org/LOINC/8289-1.html">8289-1</a></td><td>Head Occipital-frontal circumference Percentile</td></tr><tr><td><a href="http://details.loinc.org/LOINC/77606-2.html">77606-2</a></td><td>Weight-for-length Per age and sex</td></tr><tr><td><a href="http://details.loinc.org/LOINC/59408-5.html">59408-5</a></td><td>Oxygen saturation in Arterial blood by Pulse oximetry</td></tr><tr><td><a href="http://details.loinc.org/LOINC/3150-0.html">3150-0</a></td><td>Inhaled oxygen concentration</td></tr><tr><td><a href="http://details.loinc.org/LOINC/3151-8.html">3151-8</a></td><td>Inhaled oxygen flow rate</td></tr></table></li><li>Import all the codes that are contained in <a href="http://hl7.org/fhir/R4/valueset-observation-vitalsignresult.html">http://hl7.org/fhir/ValueSet/observation-vitalsignresult</a></li></ul></div>
  </text>
  <url value="http://hl7.org/fhir/us/core/ValueSet/us-core-vital-signs"/>
  <version value="5.0.1"/>
  <name value="UsCoreVitalSigns"/>
  <title value="US Core Vital Signs ValueSet"/>
  <status value="active"/>
  <experimental value="false"/>
  <date value="2020-11-17"/>
  <publisher value="HL7 International - Cross-Group Projects"/>
  <contact>
    <name value="HL7 International - Cross-Group Projects"/>
    <telecom>
      <system value="url"/>
      <value value="http://www.hl7.org/Special/committees/cgp"/>
    </telecom>
    <telecom>
      <system value="email"/>
      <value value="cgp@lists.HL7.org"/>
    </telecom>
  </contact>
  <description value="The vital sign codes from the base FHIR and US Core Vital Signs."/>
  <jurisdiction>
    <coding>
      <system value="urn:iso:std:iso:3166"/>
      <code value="US"/>
    </coding>
  </jurisdiction>
  <copyright value="This material contains content from LOINC (http://loinc.org). LOINC is copyright © 1995-2020, Regenstrief Institute, Inc. and the Logical Observation Identifiers Names and Codes (LOINC) Committee and is available at no cost under the license at http://loinc.org/license. LOINC® is a registered United States trademark of Regenstrief Institute, Inc"/>
  <compose>
    <include>
      <system value="http://loinc.org"/>
      <concept>
        <code value="59576-9"/>
      </concept>
      <concept>
        <code value="8289-1"/>
      </concept>
      <concept>
        <code value="77606-2"/>
      </concept>
      <concept>
        <code value="59408-5"/>
      </concept>
      <concept>
        <code value="3150-0"/>
      </concept>
      <concept>
        <code value="3151-8"/>
      </concept>
    </include>
    <include>
      <valueSet value="http://hl7.org/fhir/ValueSet/observation-vitalsignresult"/>
    </include>
  </compose>
</ValueSet>