<?xml version="1.0" encoding="UTF-8"?>

<ValueSet xmlns="http://hl7.org/fhir">
  <id value="detailed-ethnicity"/>
  <text>
    <status value="generated"/><div xmlns="http://www.w3.org/1999/xhtml"><p>This value set includes codes based on the following rules:</p><ul><li>Import all the codes that are contained in <a href="https://vsac.nlm.nih.gov/valueset/2.16.840.1.114222.4.11.877/expansion">http://cts.nlm.nih.gov/fhir/ValueSet/2.16.840.1.114222.4.11.877</a></li><li>Import all the codes that are contained in <a href="https://vsac.nlm.nih.gov/valueset/2.16.840.1.113762.1.4.1021.103/expansion">http://cts.nlm.nih.gov/fhir/ValueSet/2.16.840.1.113762.1.4.1021.103</a></li></ul></div>
  </text>
  <url value="http://hl7.org/fhir/us/core/ValueSet/detailed-ethnicity"/>
  <version value="5.0.1"/>
  <name value="DetailedEthnicity"/>
  <title value="Detailed ethnicity"/>
  <status value="active"/>
  <date value="2021-12-08"/>
  <publisher value="HL7 International - Cross-Group Projects"/>
  <contact>
    <name value="HL7 International - Cross-Group Projects"/>
    <telecom>
      <system value="url"/>
      <value value="http://www.hl7.org/Special/committees/cgp"/>
    </telecom>
    <telecom>
      <system value="email"/>
      <value value="cgp@lists.HL7.org"/>
    </telecom>
  </contact>
  <description value="The codes for the concepts 'Unknown', 'Asked but no answer', 'other, and the 41 [CDC ethnicity codes](http://www.cdc.gov/phin/resources/vocabulary/index.html) that are grouped under one of the 2 OMB ethnicity category codes."/>
  <jurisdiction>
    <coding>
      <system value="urn:iso:std:iso:3166"/>
      <code value="US"/>
    </coding>
  </jurisdiction>
  <copyright value="Used by permission of HL7 International, all rights reserved Creative Commons License"/>
  <compose>
    <include>
      <valueSet value="http://cts.nlm.nih.gov/fhir/ValueSet/2.16.840.1.114222.4.11.877"/>
    </include>
    <include>
      <valueSet value="http://cts.nlm.nih.gov/fhir/ValueSet/2.16.840.1.113762.1.4.1021.103"/>
    </include>
  </compose>
</ValueSet>