<?xml version="1.0" encoding="UTF-8"?>

<ValueSet xmlns="http://hl7.org/fhir">
  <id value="us-core-provenance-participant-type"/>
  <text>
    <status value="generated"/><div xmlns="http://www.w3.org/1999/xhtml"><p>This value set includes codes based on the following rules:</p><ul><li>Include all codes defined in <a href="CodeSystem-us-core-provenance-participant-type.html"><code>http://hl7.org/fhir/us/core/CodeSystem/us-core-provenance-participant-type</code></a></li><li>Include all codes defined in <a href="http://terminology.hl7.org/3.1.0/CodeSystem-provenance-participant-type.html"><code>http://terminology.hl7.org/CodeSystem/provenance-participant-type</code></a></li></ul></div>
  </text>
  <url value="http://hl7.org/fhir/us/core/ValueSet/us-core-provenance-participant-type"/>
  <version value="5.0.1"/>
  <name value="USCoreProvenancePaticipantTypeCodes"/>
  <title value="US Core Provenance Participant Type Codes"/>
  <status value="active"/>
  <date value="2019-08-28"/>
  <publisher value="HL7 International - Cross-Group Projects"/>
  <contact>
    <name value="HL7 International - Cross-Group Projects"/>
    <telecom>
      <system value="url"/>
      <value value="http://www.hl7.org/Special/committees/cgp"/>
    </telecom>
    <telecom>
      <system value="email"/>
      <value value="cgp@lists.HL7.org"/>
    </telecom>
  </contact>
  <description value="The type of participation a provenance agent played for a given target."/>
  <jurisdiction>
    <coding>
      <system value="urn:iso:std:iso:3166"/>
      <code value="US"/>
    </coding>
  </jurisdiction>
  <purpose value="So API consumers can identify the provenance participant type."/>
  <copyright value="Used by permission of HL7 International, all rights reserved Creative Commons License"/>
  <compose>
    <include>
      <system value="http://hl7.org/fhir/us/core/CodeSystem/us-core-provenance-participant-type"/>
    </include>
    <include>
      <system value="http://terminology.hl7.org/CodeSystem/provenance-participant-type"/>
    </include>
  </compose>
</ValueSet>