<?xml version="1.0" encoding="UTF-8"?>

<ValueSet xmlns="http://hl7.org/fhir">
  <id value="us-core-procedure-code"/>
  <meta>
    <versionId value="1"/>
    <lastUpdated value="2022-04-27T23:46:02.126Z"/>
  </meta>
  <text>
    <status value="generated"/><div xmlns="http://www.w3.org/1999/xhtml"><p>This value set includes codes based on the following rules:</p><ul><li>Include all codes defined in <a href="http://terminology.hl7.org/3.1.0/CodeSystem-CPT.html"><code>http://www.ama-assn.org/go/cpt</code></a></li><li>Include codes from <a href="http://www.snomed.org/"><code>http://snomed.info/sct</code></a> where concept  is-a  71388002 (Procedure)</li><li>Include all codes defined in <code>http://www.cms.gov/Medicare/Coding/HCPCSReleaseCodeSets</code></li><li>Include all codes defined in <a href="http://terminology.hl7.org/3.1.0/CodeSystem-icd10PCS.html"><code>http://www.cms.gov/Medicare/Coding/ICD10</code></a></li><li>Include all codes defined in <a href="http://terminology.hl7.org/3.1.0/CodeSystem-CDT.html"><code>http://www.ada.org/cdt</code></a></li><li>Include all codes defined in <a href="http://loinc.org"><code>http://loinc.org</code></a></li></ul></div>
  </text>
  <url value="http://hl7.org/fhir/us/core/ValueSet/us-core-procedure-code"/>
  <version value="5.0.1"/>
  <name value="USCoreProcedureCodes"/>
  <title value="US Core Procedure Codes"/>
  <status value="active"/>
  <date value="2019-05-21"/>
  <publisher value="HL7 International - Cross-Group Projects"/>
  <contact>
    <name value="HL7 International - Cross-Group Projects"/>
    <telecom>
      <system value="url"/>
      <value value="http://www.hl7.org/Special/committees/cgp"/>
    </telecom>
    <telecom>
      <system value="email"/>
      <value value="cgp@lists.HL7.org"/>
    </telecom>
  </contact>
  <description value="Concepts from CPT, SNOMED CT, HCPCS Level II Alphanumeric Codes, ICD-10-PCS,CDT and LOINC code systems that can be used to indicate the type of procedure performed."/>
  <jurisdiction>
    <coding>
      <system value="urn:iso:std:iso:3166"/>
      <code value="US"/>
    </coding>
  </jurisdiction>
  <copyright value="1. Current Procedural Terminology (CPT) is copyright 2020 American Medical Association. All rights reserved&#xA;2. This value set includes content from SNOMED CT, which is copyright © 2002+ International Health Terminology  Standards Development Organisation (IHTSDO), and distributed by agreement  between IHTSDO and HL7. Implementer use of SNOMED CT is not covered by this  agreement.&#xA;3. HCPCS Level II Alphanumeric Codes codes are maintained by the US Center  for Medicare and Medicaid Services (CMS) available for public use.&#xA;4. The International Classification of Diseases, Tenth Revision, Procedure  Coding System (ICD-10-PCS) was developed for the Centers for Medicare and  Medicaid Services (CMS) available for public use.  CMS is the U.S.  governmental agency responsible for overseeing all changes and modifications  to the ICD-10-PCS.&#xA;5. The ADA is the exclusive copyright owner of CDT, the Code on Dental  Procedures and Nomenclature (the Code), and the ADA Dental Claim Form. Except  as permitted by law, all use, copying or distribution of CDT, or any portion  thereof (including the Code on Dental Procedures and Nomenclature) in any  product or services (including works prepared for clients by consultants and  other professionals), whether in printed, electronic or other format, requires  a valid commercial user license from the ADA. CDT ® is a registered trademark  of the American Dental Association. All Rights Reserved.&#xA;6. This material contains content from LOINC (http://loinc.org). LOINC is copyright © 1995-2020, Regenstrief Institute, Inc. and the Logical Observation Identifiers Names and Codes (LOINC) Committee and is available at no cost under the license at http://loinc.org/license. LOINC ® is a registered United States trademark of Regenstrief Institute, Inc"/>
  <compose>
    <include>
      <system value="http://www.ama-assn.org/go/cpt"/>
    </include>
    <include>
      <system value="http://snomed.info/sct"/>
      <filter>
        <property value="concept"/>
        <op value="is-a"/>
        <value value="71388002"/>
      </filter>
    </include>
    <include>
      <system value="http://www.cms.gov/Medicare/Coding/HCPCSReleaseCodeSets"/>
    </include>
    <include>
      <system value="http://www.cms.gov/Medicare/Coding/ICD10"/>
    </include>
    <include>
      <system value="http://www.ada.org/cdt"/>
    </include>
    <include>
      <system value="http://loinc.org"/>
    </include>
  </compose>
</ValueSet>