<?xml version="1.0" encoding="UTF-8"?>

<ValueSet xmlns="http://hl7.org/fhir">
  <id value="us-core-narrative-status"/>
  <text>
    <status value="extensions"/><div xmlns="http://www.w3.org/1999/xhtml"><ul><li>Include these codes as defined in <a href="http://hl7.org/fhir/R4/codesystem-narrative-status.html"><code>http://hl7.org/fhir/narrative-status</code></a><table class="none"><tr><td style="white-space:nowrap"><b>Code</b></td><td><b>Display</b></td><td><b>Definition</b></td></tr><tr><td><a href="http://hl7.org/fhir/R4/codesystem-narrative-status.html#narrative-status-additional">additional</a></td><td>additional</td><td>The contents of the narrative may contain additional information not found in the structured data. Note that there is no computable way to determine what the extra information is, other than by human inspection.</td></tr><tr><td><a href="http://hl7.org/fhir/R4/codesystem-narrative-status.html#narrative-status-generated">generated</a></td><td>generated</td><td>The contents of the narrative are entirely generated from the core elements in the content.</td></tr></table></li></ul></div>
  </text>
  <url value="http://hl7.org/fhir/us/core/ValueSet/us-core-narrative-status"/>
  <version value="5.0.1"/>
  <name value="NarrativeStatus"/>
  <title value="US Core Narrative Status"/>
  <status value="active"/>
  <date value="2022-06-22T19:50:38+00:00"/>
  <publisher value="HL7 International - Cross-Group Projects"/>
  <contact>
    <name value="HL7 International - Cross-Group Projects"/>
    <telecom>
      <system value="url"/>
      <value value="http://www.hl7.org/Special/committees/cgp"/>
    </telecom>
    <telecom>
      <system value="email"/>
      <value value="cgp@lists.HL7.org"/>
    </telecom>
  </contact>
  <description value="The US Core Narrative Status Value Set limits the text status for the resource narrative."/>
  <jurisdiction>
    <coding>
      <system value="urn:iso:std:iso:3166"/>
      <code value="US"/>
    </coding>
  </jurisdiction>
  <copyright value="HL7"/>
  <compose>
    <include>
      <system value="http://hl7.org/fhir/narrative-status"/>
      <concept>
        <code value="additional"/>
        <display value="additional"/>
      </concept>
      <concept>
        <code value="generated"/>
        <display value="generated"/>
      </concept>
    </include>
  </compose>
</ValueSet>