<?xml version="1.0" encoding="UTF-8"?>

<ValueSet xmlns="http://hl7.org/fhir">
  <id value="us-core-observation-category"/>
  <text>
    <status value="extensions"/><div xmlns="http://www.w3.org/1999/xhtml"><p>This value set includes codes based on the following rules:</p><ul><li>Include these codes as defined in <a href="CodeSystem-us-core-tags.html"><code>http://hl7.org/fhir/us/core/CodeSystem/us-core-tags</code></a><table class="none"><tr><td style="white-space:nowrap"><b>Code</b></td><td><b>Display</b></td><td><b>Definition</b></td></tr><tr><td><a href="CodeSystem-us-core-tags.html#us-core-tags-sdoh">sdoh</a></td><td>SDOH</td><td>Social Determinants of Health Category</td></tr></table></li><li>Include all codes defined in <a href="CodeSystem-us-core-observation-category.html"><code>http://hl7.org/fhir/us/core/CodeSystem/us-core-observation-category</code></a></li><li>Include all codes defined in <a href="http://terminology.hl7.org/3.1.0/CodeSystem-observation-category.html"><code>http://terminology.hl7.org/CodeSystem/observation-category</code></a></li></ul></div>
  </text>
  <url value="http://hl7.org/fhir/us/core/ValueSet/us-core-observation-category"/>
  <version value="5.0.1"/>
  <name value="USCoreObservationCategory"/>
  <title value="US Core Observation Category"/>
  <status value="active"/>
  <date value="2021-11-11"/>
  <publisher value="HL7 International - Cross-Group Projects"/>
  <contact>
    <name value="HL7 International - Cross-Group Projects"/>
    <telecom>
      <system value="url"/>
      <value value="http://www.hl7.org/Special/committees/cgp"/>
    </telecom>
    <telecom>
      <system value="email"/>
      <value value="cgp@lists.HL7.org"/>
    </telecom>
  </contact>
  <description value="HL7 FHIR concepts to classify an observation"/>
  <jurisdiction>
    <coding>
      <system value="urn:iso:std:iso:3166"/>
      <code value="US"/>
    </coding>
  </jurisdiction>
  <copyright value="This material contains content from LOINC (http://loinc.org). LOINC is copyright © 1995-2020, Regenstrief Institute, Inc. and the Logical Observation Identifiers Names and Codes (LOINC) Committee and is available at no cost under the license at http://loinc.org/license. LOINC® is a registered United States trademark of Regenstrief Institute, Inc"/>
  <compose>
    <include>
      <system value="http://hl7.org/fhir/us/core/CodeSystem/us-core-tags"/>
      <concept>
        <code value="sdoh"/>
        <display value="SDOH"/>
      </concept>
    </include>
    <include>
      <system value="http://hl7.org/fhir/us/core/CodeSystem/us-core-observation-category"/>
    </include>
    <include>
      <system value="http://terminology.hl7.org/CodeSystem/observation-category"/>
    </include>
  </compose>
</ValueSet>