<?xml version="1.0" encoding="UTF-8"?>

<ValueSet xmlns="http://hl7.org/fhir">
  <id value="us-core-discharge-disposition"/>
  <text>
    <status value="generated"/><div xmlns="http://www.w3.org/1999/xhtml"><ul><li>Include all codes defined in <code>http://www.nubc.org/patient-discharge</code></li></ul></div>
  </text>
  <url value="http://hl7.org/fhir/us/core/ValueSet/us-core-discharge-disposition"/>
  <version value="5.0.1"/>
  <name value="USCoreDischargeDisposition"/>
  <title value="US Core Discharge Disposition"/>
  <status value="active"/>
  <date value="2021-11-08"/>
  <publisher value="HL7 International - Cross-Group Projects"/>
  <contact>
    <name value="HL7 International - Cross-Group Projects"/>
    <telecom>
      <system value="url"/>
      <value value="http://www.hl7.org/Special/committees/cgp"/>
    </telecom>
    <telecom>
      <system value="email"/>
      <value value="cgp@lists.HL7.org"/>
    </telecom>
  </contact>
  <description value="[National Uniform Billing Committee](http://www.nubc.org/), manual UB-04, UB form locator 17."/>
  <jurisdiction>
    <coding>
      <system value="urn:iso:std:iso:3166"/>
      <code value="US"/>
    </coding>
  </jurisdiction>
  <copyright value="The Official UB-04 Data Specifications Manual 2022 is copyrighted by the American Hospital Association. It is the only official source of UB-04 billing information adopted by the National Uniform Billing Committee (NUBC). To license an electronic version of the UB-04 code set for internal use or integration into products and services, contact the Licensing Department at [ub04@aha.org](mailto:ub04@aha.org)."/>
  <compose>
    <include>
      <system value="http://www.nubc.org/patient-discharge"/>
    </include>
  </compose>
</ValueSet>