{
  "resourceType": "Bundle",
  "id": "66c8856b-ba11-4876-8aa8-467aad8c11a2",
  "meta": {
    "extension": [
      {
        "url": "http://hl7.org/fhir/StructureDefinition/instance-name",
        "valueString": "PractitionerRole_Practitioner_Endpoint_Bundle_Example Example"
      },
      {
        "url": "http://hl7.org/fhir/StructureDefinition/instance-description",
        "valueMarkdown": "This is a PractitionerRole_Practitioner_Endpoint_Bundle_Example example for the *Bundle Profile*."
      }
    ]
  },
  "type": "searchset",
  "total": 1,
  "link": [
    {
      "relation": "self",
      "url": "http://52.90.126.238:8080/fhir/baseDstu3/PractitionerRole?_id=PractitionerRole-1&_include=PractitionerRole%3Apractitioner&_include=PractitionerRole%3Aendpoint"
    }
  ],
  "entry": [
    {
      "fullUrl": "http://52.90.126.238:8080/fhir/baseDstu3/PractitionerRole/PractitionerRole-1",
      "resource": {
        "resourceType": "PractitionerRole",
        "id": "PractitionerRole-1",
        "meta": {
          "profile": [
            "http://hl7.org/fhir/us/core/StructureDefinition/us-core-practitionerrole"
          ]
        },
        "text": {
          "status": "generated",
          "div": "<div xmlns=\"http://www.w3.org/1999/xhtml\"><p><b>Generated Narrative</b></p><div style=\"display: inline-block; background-color: #d9e0e7; padding: 6px; margin: 4px; border: 1px solid #8da1b4; border-radius: 5px; line-height: 60%\"><p style=\"margin-bottom: 0px\">Resource \"PractitionerRole-1\" </p><p style=\"margin-bottom: 0px\">Profile: <a href=\"StructureDefinition-us-core-practitionerrole.html\">US Core PractitionerRole Profile</a></p></div><p><b>practitioner</b>: <a href=\"#Practitioner_Practitioner-1011\">See above (Practitioner/Practitioner-1011: Brenda Jennings Richard MD)</a></p><p><b>organization</b>: <a href=\"Organization-acme-lab.html\">Organization/acme-lab: Acme Lab</a> \"Acme Labs\"</p><p><b>code</b>: Primary Care Clinic/Center <span style=\"background: LightGoldenRodYellow; margin: 4px; border: 1px solid khaki\"> (provider-taxonomy#261QP2300X)</span></p><p><b>specialty</b>: General Practice Physician <span style=\"background: LightGoldenRodYellow; margin: 4px; border: 1px solid khaki\"> (provider-taxonomy#208D00000X)</span></p><p><b>location</b>: <a href=\"Location-hl7east.html\">Location/hl7east: Health Level Seven International</a> \"Health Level Seven International - Amherst\"</p><p><b>endpoint</b>: </p><ul><li><a href=\"#Endpoint_71\">See above (http://52.90.126.238:8080/fhir/baseDstu3/Endpoint/Endpoint-71: Westwood Physicians Organization ADT)</a></li><li><a href=\"#Endpoint_71\">See above (http://52.90.126.238:8080/fhir/baseDstu3/Endpoint/Endpoint-71: Brenda.Jennings.Richard.MD@direct.example.org)</a></li></ul></div>"
        },
        "practitioner": {
          "reference": "Practitioner/Practitioner-1011",
          "display": "Brenda Jennings Richard MD"
        },
        "organization": {
          "reference": "Organization/acme-lab",
          "display": "Acme Lab"
        },
        "code": [
          {
            "coding": [
              {
                "system": "http://nucc.org/provider-taxonomy",
                "code": "261QP2300X",
                "display": "Primary Care Clinic/Center"
              }
            ]
          }
        ],
        "specialty": [
          {
            "coding": [
              {
                "system": "http://nucc.org/provider-taxonomy",
                "code": "208D00000X",
                "display": "General Practice Physician"
              }
            ]
          }
        ],
        "location": [
          {
            "reference": "Location/hl7east",
            "display": "Health Level Seven International"
          }
        ],
        "endpoint": [
          {
            "reference": "http://52.90.126.238:8080/fhir/baseDstu3/Endpoint/Endpoint-71",
            "display": "Westwood Physicians Organization ADT"
          },
          {
            "reference": "http://52.90.126.238:8080/fhir/baseDstu3/Endpoint/Endpoint-71",
            "display": "Brenda.Jennings.Richard.MD@direct.example.org"
          }
        ]
      },
      "search": {
        "mode": "match"
      }
    },
    {
      "fullUrl": "http://52.90.126.238:8080/fhir/baseDstu3/Practitioner/Practitioner-1011",
      "resource": {
        "resourceType": "Practitioner",
        "id": "Practitioner-1011",
        "meta": {
          "profile": [
            "http://hl7.org/fhir/us/core/StructureDefinition/us-core-practitioner"
          ]
        },
        "text": {
          "status": "generated",
          "div": "<div xmlns=\"http://www.w3.org/1999/xhtml\"><p><b>Generated Narrative</b></p><div style=\"display: inline-block; background-color: #d9e0e7; padding: 6px; margin: 4px; border: 1px solid #8da1b4; border-radius: 5px; line-height: 60%\"><p style=\"margin-bottom: 0px\">Resource \"Practitioner-1011\" </p><p style=\"margin-bottom: 0px\">Profile: <a href=\"StructureDefinition-us-core-practitioner.html\">US Core Practitioner Profile</a></p></div><p><b>identifier</b>: id: 000001011 (OFFICIAL), id: 9999991011 (OFFICIAL), id: d46f70565a1042f6a6ece48dd81b408f (OFFICIAL)</p><p><b>name</b>: Brenda Jennings Richard </p><p><b>telecom</b>: ph: 313-555-6868(HOME), ph: 313-555-6443(WORK)</p><p><b>address</b>: 346 W Plum Avenu Dearborn MI 48123</p><p><b>gender</b>: female</p><p><b>birthDate</b>: 1976-11-15</p><h3>Qualifications</h3><table class=\"grid\"><tr><td>-</td><td><b>Identifier</b></td><td><b>Code</b></td><td><b>Issuer</b></td></tr><tr><td>*</td><td>Michigan Medical License: LARA-1011 (OFFICIAL)</td><td>Medical Doctor <span style=\"background: LightGoldenRodYellow; margin: 4px; border: 1px solid khaki\"> (license-type#4305)</span></td><td><span>: Michigan Department of Licensing and Regulatory Affairs</span></td></tr></table></div>"
        },
        "identifier": [
          {
            "use": "official",
            "system": "http://hl7.org/fhir/sid/us-ssn",
            "value": "000001011"
          },
          {
            "use": "official",
            "system": "http://hl7.org/fhir/sid/us-npi",
            "value": "9999991011"
          },
          {
            "use": "official",
            "system": "http://mihin.org/fhir/cks",
            "value": "d46f70565a1042f6a6ece48dd81b408f"
          }
        ],
        "name": [
          {
            "family": "Richard",
            "given": [
              "Brenda",
              "Jennings"
            ],
            "suffix": [
              "MD"
            ]
          }
        ],
        "telecom": [
          {
            "system": "phone",
            "value": "313-555-6868",
            "use": "home"
          },
          {
            "system": "phone",
            "value": "313-555-6443",
            "use": "work"
          }
        ],
        "address": [
          {
            "text": "346 W Plum Avenu Dearborn MI 48123",
            "line": [
              "346 W Plum Avenue"
            ],
            "city": "Dearborn",
            "state": "MI",
            "postalCode": "48126"
          }
        ],
        "gender": "female",
        "birthDate": "1976-11-15",
        "qualification": [
          {
            "identifier": [
              {
                "use": "official",
                "type": {
                  "coding": [
                    {
                      "system": "http://terminology.hl7.org/CodeSystem/v2-0203",
                      "code": "MD",
                      "display": "Medical License number"
                    }
                  ],
                  "text": "Michigan Medical License"
                },
                "system": "http://example.org/michigan.gov/fhir/medical-license",
                "value": "LARA-1011",
                "assigner": {
                  "display": "State of Michigan"
                }
              }
            ],
            "code": {
              "coding": [
                {
                  "system": "http://example.org/michigan.gov/lara/license-type",
                  "code": "4305",
                  "display": "Medical Doctor"
                }
              ]
            },
            "issuer": {
              "display": "Michigan Department of Licensing and Regulatory Affairs"
            }
          }
        ]
      },
      "search": {
        "mode": "include"
      }
    },
    {
      "fullUrl": "http://52.90.126.238:8080/fhir/baseDstu3/Endpoint/Endpoint-71",
      "resource": {
        "resourceType": "Endpoint",
        "id": "71",
        "text": {
          "status": "generated",
          "div": "<div xmlns=\"http://www.w3.org/1999/xhtml\"><p><b>Generated Narrative</b></p><div style=\"display: inline-block; background-color: #d9e0e7; padding: 6px; margin: 4px; border: 1px solid #8da1b4; border-radius: 5px; line-height: 60%\"><p style=\"margin-bottom: 0px\">Resource \"71\" </p></div><p><b>status</b>: active</p><p><b>connectionType</b>: Direct Project (Details: http://terminology.hl7.org/CodeSystem/endpoint-connection-type code direct-project = 'Direct Project', stated as 'null')</p><p><b>name</b>: Brenda.Jennings.Richard.MD@direct.example.org</p><p><b>managingOrganization</b>: <a href=\"Organization-acme-lab.html\">Organization/acme-lab</a> \"Acme Labs\"</p><p><b>payloadType</b>: urn:hl7-org:sdwg:ccda-structuredBody:1.1 <span style=\"background: LightGoldenRodYellow; margin: 4px; border: 1px solid khaki\"> (unknown#urn:hl7-org:sdwg:ccda-structuredBody:1.1)</span></p><p><b>payloadMimeType</b>: text/xml</p><p><b>address</b>: <a href=\"mailto:Brenda.Jennings.Richard.MD@direct.example.org\">Brenda.Jennings.Richard.MD@direct.example.org</a></p></div>"
        },
        "status": "active",
        "connectionType": {
          "system": "http://terminology.hl7.org/CodeSystem/endpoint-connection-type",
          "code": "direct-project"
        },
        "name": "Brenda.Jennings.Richard.MD@direct.example.org",
        "managingOrganization": {
          "reference": "Organization/acme-lab"
        },
        "payloadType": [
          {
            "coding": [
              {
                "system": "urn:oid:1.3.6.1.4.1.19376.1.2.3",
                "code": "urn:hl7-org:sdwg:ccda-structuredBody:1.1"
              }
            ]
          }
        ],
        "payloadMimeType": [
          "text/xml"
        ],
        "address": "mailto:Brenda.Jennings.Richard.MD@direct.example.org"
      },
      "search": {
        "mode": "include"
      }
    }
  ]
}