{
  "resourceType": "CodeSystem",
  "id": "us-core-provenance-participant-type",
  "text": {
    "status": "generated",
    "div": "<div xmlns=\"http://www.w3.org/1999/xhtml\"><p>This code system http://hl7.org/fhir/us/core/CodeSystem/us-core-provenance-participant-type defines the following codes:</p><table class=\"codes\"><tr><td style=\"white-space:nowrap\"><b>Code</b></td><td><b>Display</b></td><td><b>Definition</b></td></tr><tr><td style=\"white-space:nowrap\">transmitter<a name=\"us-core-provenance-participant-type-transmitter\"> </a></td><td>Transmitter</td><td>The entity that provided the copy to your system.</td></tr></table></div>"
  },
  "url": "http://hl7.org/fhir/us/core/CodeSystem/us-core-provenance-participant-type",
  "version": "5.0.1",
  "name": "USCoreProvenancePaticipantTypeExtensionCodes",
  "title": "US Core Provenance Participant Type Extension Codes",
  "status": "active",
  "date": "2022-06-22T19:50:38+00:00",
  "publisher": "HL7 International - Cross-Group Projects",
  "contact": [
    {
      "name": "HL7 International - Cross-Group Projects",
      "telecom": [
        {
          "system": "url",
          "value": "http://www.hl7.org/Special/committees/cgp"
        },
        {
          "system": "email",
          "value": "cgp@lists.HL7.org"
        }
      ]
    }
  ],
  "description": "Set of codes that are needed for implementation of the US-Core Provenance Profile. These codes are used as extensions to the FHIR value sets.",
  "jurisdiction": [
    {
      "coding": [
        {
          "system": "urn:iso:std:iso:3166",
          "code": "US"
        }
      ]
    }
  ],
  "copyright": "Used by permission of HL7 International, all rights reserved Creative Commons License",
  "caseSensitive": true,
  "content": "complete",
  "concept": [
    {
      "code": "transmitter",
      "display": "Transmitter",
      "definition": "The entity that provided the copy to your system."
    }
  ]
}