{
  "resourceType": "CodeSystem",
  "id": "us-core-documentreference-category",
  "text": {
    "status": "generated",
    "div": "<div xmlns=\"http://www.w3.org/1999/xhtml\"><p>This code system http://hl7.org/fhir/us/core/CodeSystem/us-core-documentreference-category defines the following codes:</p><table class=\"codes\"><tr><td style=\"white-space:nowrap\"><b>Code</b></td><td><b>Display</b></td><td><b>Definition</b></td></tr><tr><td style=\"white-space:nowrap\">clinical-note<a name=\"us-core-documentreference-category-clinical-note\"> </a></td><td>Clinical Note</td><td>Part of health record where healthcare professionals record details to document a patient's clinical status or achievements during the course of a hospitalization or over the course of outpatient care ([Wikipedia](https://en.wikipedia.org/wiki/Progress_note))</td></tr></table></div>"
  },
  "url": "http://hl7.org/fhir/us/core/CodeSystem/us-core-documentreference-category",
  "version": "5.0.1",
  "name": "USCoreDocumentReferencesCategoryCodes",
  "title": "US Core DocumentReferences Category Codes",
  "status": "active",
  "date": "2019-05-21",
  "publisher": "HL7 International - Cross-Group Projects",
  "contact": [
    {
      "name": "HL7 International - Cross-Group Projects",
      "telecom": [
        {
          "system": "url",
          "value": "http://www.hl7.org/Special/committees/cgp"
        },
        {
          "system": "email",
          "value": "cgp@lists.HL7.org"
        }
      ]
    }
  ],
  "description": "The US Core DocumentReferences Type Code System is a 'starter set' of categories supported for fetching and storing DocumentReference Resources.",
  "jurisdiction": [
    {
      "coding": [
        {
          "system": "urn:iso:std:iso:3166",
          "code": "US"
        }
      ]
    }
  ],
  "copyright": "Used by permission of HL7 International, all rights reserved Creative Commons License",
  "caseSensitive": true,
  "valueSet": "http://hl7.org/fhir/us/core/ValueSet/us-core-documentreference-category",
  "content": "complete",
  "count": 2,
  "concept": [
    {
      "code": "clinical-note",
      "display": "Clinical Note",
      "definition": "Part of health record where healthcare professionals record details to document a patient's clinical status or achievements during the course of a hospitalization or over the course of outpatient care ([Wikipedia](https://en.wikipedia.org/wiki/Progress_note))"
    }
  ]
}