{
  "resourceType": "CodeSystem",
  "id": "condition-category",
  "text": {
    "status": "generated",
    "div": "<div xmlns=\"http://www.w3.org/1999/xhtml\"><p><b>Properties</b></p><table class=\"grid\"><tr><td><b>Code</b></td><td><b>URL</b></td><td><b>Type</b></td><td><b>Description</b></td></tr><tr><td>status</td><td>http://hl7.org/fhir/concept-properties#status</td><td>code</td><td>A property that indicates the status of the concept. One of active, experimental, deprecated,        retired</td></tr></table><p>This code system http://hl7.org/fhir/us/core/CodeSystem/condition-category defines the following codes:</p><table class=\"codes\"><tr><td style=\"white-space:nowrap\"><b>Code</b></td><td><b>Display</b></td><td><b>Definition</b></td><td><b>status</b></td></tr><tr><td style=\"white-space:nowrap\">problem<a name=\"condition-category-problem\"> </a></td><td>Problem</td><td>The patients problems as identified by the provider(s). Items on the provider’s problem list</td><td>deprecated</td></tr><tr><td style=\"white-space:nowrap\">health-concern<a name=\"condition-category-health-concern\"> </a></td><td>Health Concern</td><td>Additional health concerns from other stakeholders which are outside the provider’s problem list.</td><td/></tr></table></div>"
  },
  "url": "http://hl7.org/fhir/us/core/CodeSystem/condition-category",
  "version": "5.0.1",
  "name": "USCoreConditionCategoryExtensionCodes",
  "title": "US Core Condition Category Extension Codes",
  "status": "active",
  "date": "2022-06-22T19:50:38+00:00",
  "publisher": "HL7 International - Cross-Group Projects",
  "contact": [
    {
      "name": "HL7 International - Cross-Group Projects",
      "telecom": [
        {
          "system": "url",
          "value": "http://www.hl7.org/Special/committees/cgp"
        },
        {
          "system": "email",
          "value": "cgp@lists.HL7.org"
        }
      ]
    }
  ],
  "description": "Set of codes that are needed for implementation of the US-Core Condition Profile. These codes are used as extensions to the FHIR and US Core value sets.",
  "jurisdiction": [
    {
      "coding": [
        {
          "system": "urn:iso:std:iso:3166",
          "code": "US"
        }
      ]
    }
  ],
  "copyright": "Used by permission of HL7 International, all rights reserved Creative Commons License",
  "caseSensitive": true,
  "content": "complete",
  "property": [
    {
      "code": "status",
      "uri": "http://hl7.org/fhir/concept-properties#status",
      "description": "A property that indicates the status of the concept. One of active, experimental, deprecated,        retired",
      "type": "code"
    }
  ],
  "concept": [
    {
      "extension": [
        {
          "url": "http://hl7.org/fhir/StructureDefinition/codesystem-replacedby",
          "valueCoding": {
            "system": "http://terminology.hl7.org/CodeSystem/condition-category",
            "code": "problem-list-item",
            "display": "Problem List Item"
          }
        }
      ],
      "code": "problem",
      "display": "Problem",
      "definition": "The patients problems as identified by the provider(s). Items on the provider’s problem list",
      "property": [
        {
          "code": "status",
          "valueCode": "deprecated"
        }
      ]
    },
    {
      "code": "health-concern",
      "display": "Health Concern",
      "definition": "Additional health concerns from other stakeholders which are outside the provider’s problem list."
    }
  ]
}