{
  "resourceType": "CodeSystem",
  "id": "us-core-tags",
  "text": {
    "status": "generated",
    "div": "<div xmlns=\"http://www.w3.org/1999/xhtml\"><p>This code system http://hl7.org/fhir/us/core/CodeSystem/us-core-tags defines the following codes:</p><table class=\"codes\"><tr><td style=\"white-space:nowrap\"><b>Code</b></td><td><b>Display</b></td><td><b>Definition</b></td></tr><tr><td style=\"white-space:nowrap\">sdoh<a name=\"us-core-tags-sdoh\"> </a></td><td>SDOH</td><td>Social Determinants of Health Category</td></tr></table></div>"
  },
  "url": "http://hl7.org/fhir/us/core/CodeSystem/us-core-tags",
  "version": "5.0.1",
  "name": "USCoreTagsCodeSystem",
  "title": "US Core Tags CodeSystem",
  "status": "active",
  "date": "2022-04-20",
  "publisher": "HL7 International - Cross-Group Projects",
  "contact": [
    {
      "name": "HL7 International - Cross-Group Projects",
      "telecom": [
        {
          "system": "url",
          "value": "http://www.hl7.org/Special/committees/cgp"
        },
        {
          "system": "email",
          "value": "cgp@lists.HL7.org"
        }
      ]
    }
  ],
  "description": "Codes used in US Core `meta.tag` and 'category' profiles. The are typically used when there is a need for categorization or workflow hints.",
  "jurisdiction": [
    {
      "coding": [
        {
          "system": "urn:iso:std:iso:3166",
          "code": "US"
        }
      ]
    }
  ],
  "copyright": "Used by permission of HL7 International, all rights reserved Creative Commons License",
  "caseSensitive": true,
  "content": "complete",
  "concept": [
    {
      "code": "sdoh",
      "display": "SDOH",
      "definition": "Social Determinants of Health Category"
    }
  ]
}