{
  "resourceType": "CodeSystem",
  "id": "careplan-category",
  "text": {
    "status": "generated",
    "div": "<div xmlns=\"http://www.w3.org/1999/xhtml\"><p>This code system http://hl7.org/fhir/us/core/CodeSystem/careplan-category defines the following codes:</p><table class=\"codes\"><tr><td style=\"white-space:nowrap\"><b>Code</b></td><td><b>Display</b></td><td><b>Definition</b></td></tr><tr><td style=\"white-space:nowrap\">assess-plan<a name=\"careplan-category-assess-plan\"> </a></td><td>Assessment and Plan of Treatment</td><td>The clinical conclusions and assumptions that guide the patient's treatment and the clinical activities formulated for a patient.</td></tr></table></div>"
  },
  "url": "http://hl7.org/fhir/us/core/CodeSystem/careplan-category",
  "version": "5.0.1",
  "name": "USCoreCarePlanCategoryExtensionCodes",
  "title": "US Core CarePlan Category Extension Codes",
  "status": "active",
  "date": "2022-06-22T19:50:38+00:00",
  "publisher": "HL7 International - Cross-Group Projects",
  "contact": [
    {
      "name": "HL7 International - Cross-Group Projects",
      "telecom": [
        {
          "system": "url",
          "value": "http://www.hl7.org/Special/committees/cgp"
        },
        {
          "system": "email",
          "value": "cgp@lists.HL7.org"
        }
      ]
    }
  ],
  "description": "Set of codes that are needed for implementation of the US-Core CarePlan Profile. These codes are used as extensions to the FHIR ValueSet.",
  "jurisdiction": [
    {
      "coding": [
        {
          "system": "urn:iso:std:iso:3166",
          "code": "US"
        }
      ]
    }
  ],
  "copyright": "Used by permission of HL7 International, all rights reserved Creative Commons License",
  "caseSensitive": true,
  "content": "complete",
  "concept": [
    {
      "code": "assess-plan",
      "display": "Assessment and Plan of Treatment",
      "definition": "The clinical conclusions and assumptions that guide the patient's treatment and the clinical activities formulated for a patient."
    }
  ]
}