{
  "resourceType": "Encounter",
  "id": "example-1",
  "meta": {
    "extension": [
      {
        "url": "http://hl7.org/fhir/StructureDefinition/instance-name",
        "valueString": "Encounter 1 Example"
      },
      {
        "url": "http://hl7.org/fhir/StructureDefinition/instance-description",
        "valueMarkdown": "This is a encounter 1 example for the *US Core Encounter Profile*."
      }
    ],
    "lastUpdated": "2017-05-26T11:56:57.250-04:00",
    "profile": [
      "http://hl7.org/fhir/us/core/StructureDefinition/us-core-encounter"
    ]
  },
  "text": {
    "status": "generated",
    "div": "<div xmlns=\"http://www.w3.org/1999/xhtml\"><p><b>Generated Narrative</b></p><div style=\"display: inline-block; background-color: #d9e0e7; padding: 6px; margin: 4px; border: 1px solid #8da1b4; border-radius: 5px; line-height: 60%\"><p style=\"margin-bottom: 0px\">Resource \"example-1\" Updated \"2017-05-26 11:56:57-0400\" </p><p style=\"margin-bottom: 0px\">Profile: <a href=\"StructureDefinition-us-core-encounter.html\">US Core Encounter Profile</a></p></div><p><b>status</b>: finished</p><p><b>class</b>: ambulatory (Details: http://terminology.hl7.org/CodeSystem/v3-ActCode code AMB = 'ambulatory', stated as 'ambulatory')</p><p><b>type</b>: Office Visit <span style=\"background: LightGoldenRodYellow; margin: 4px; border: 1px solid khaki\"> (<a href=\"http://terminology.hl7.org/3.1.0/CodeSystem-CPT.html\">Current Procedural Terminology (CPT&reg;)</a>#99201)</span></p><p><b>subject</b>: <a href=\"Patient-example.html\">Patient/example</a> \" SHAW\"</p><p><b>period</b>: 2015-11-01 05:00:14-0500 --&gt; 2015-11-01 06:00:14-0500</p></div>"
  },
  "status": "finished",
  "class": {
    "system": "http://terminology.hl7.org/CodeSystem/v3-ActCode",
    "code": "AMB",
    "display": "ambulatory"
  },
  "type": [
    {
      "coding": [
        {
          "system": "http://www.ama-assn.org/go/cpt",
          "code": "99201"
        }
      ],
      "text": "Office Visit"
    }
  ],
  "subject": {
    "reference": "Patient/example"
  },
  "period": {
    "start": "2015-11-01T17:00:14-05:00",
    "end": "2015-11-01T18:00:14-05:00"
  }
}