{
  "resourceType": "Observation",
  "id": "oxygen-saturation",
  "meta": {
    "extension": [
      {
        "url": "http://hl7.org/fhir/StructureDefinition/instance-name",
        "valueString": "Oxygen Saturation Example"
      },
      {
        "url": "http://hl7.org/fhir/StructureDefinition/instance-description",
        "valueMarkdown": "This is a typical oxygen saturation example for the *US Core Pulse Oximetry Profile* on room air where no oxygen concentration is recorded."
      }
    ],
    "profile": [
      "http://hl7.org/fhir/us/core/StructureDefinition/us-core-pulse-oximetry"
    ]
  },
  "text": {
    "status": "generated",
    "div": "<div xmlns=\"http://www.w3.org/1999/xhtml\"><p><b>Generated Narrative</b></p><div style=\"display: inline-block; background-color: #d9e0e7; padding: 6px; margin: 4px; border: 1px solid #8da1b4; border-radius: 5px; line-height: 60%\"><p style=\"margin-bottom: 0px\">Resource \"oxygen-saturation\" </p><p style=\"margin-bottom: 0px\">Profile: <a href=\"StructureDefinition-us-core-pulse-oximetry.html\">US Core Pulse Oximetry Profile</a></p></div><p><b>status</b>: final</p><p><b>category</b>: Vital Signs <span style=\"background: LightGoldenRodYellow; margin: 4px; border: 1px solid khaki\"> (<a href=\"http://terminology.hl7.org/3.1.0/CodeSystem-observation-category.html\">Observation Category Codes</a>#vital-signs)</span></p><p><b>code</b>: oxygen_saturation <span style=\"background: LightGoldenRodYellow; margin: 4px; border: 1px solid khaki\"> (<a href=\"https://loinc.org/\">LOINC</a>#2708-6 \"Oxygen saturation in Arterial blood\"; <a href=\"https://loinc.org/\">LOINC</a>#59408-5 \"Oxygen saturation in Arterial blood by Pulse oximetry\")</span></p><p><b>subject</b>: <a href=\"Patient-example.html\">Patient/example: Amy Shaw</a> \" SHAW\"</p><p><b>encounter</b>: <span>: GP Visit</span></p><p><b>effective</b>: 1999-07-02</p><p><b>value</b>: 99.0 %O2<span style=\"background: LightGoldenRodYellow\"> (Details: UCUM code % = '%')</span></p></div>"
  },
  "status": "final",
  "category": [
    {
      "coding": [
        {
          "system": "http://terminology.hl7.org/CodeSystem/observation-category",
          "code": "vital-signs",
          "display": "Vital Signs"
        }
      ],
      "text": "Vital Signs"
    }
  ],
  "code": {
    "coding": [
      {
        "system": "http://loinc.org",
        "code": "2708-6",
        "display": "Oxygen saturation in Arterial blood"
      },
      {
        "system": "http://loinc.org",
        "code": "59408-5",
        "display": "Oxygen saturation in Arterial blood by Pulse oximetry"
      }
    ],
    "text": "oxygen_saturation"
  },
  "subject": {
    "reference": "Patient/example",
    "display": "Amy Shaw"
  },
  "encounter": {
    "display": "GP Visit"
  },
  "effectiveDateTime": "1999-07-02",
  "valueQuantity": {
    "value": 99.0,
    "unit": "%O2",
    "system": "http://unitsofmeasure.org",
    "code": "%"
  }
}