{
  "resourceType": "Observation",
  "id": "PRAPARE-multiselect-item-example-32624-9-answer1",
  "meta": {
    "extension": [
      {
        "url": "http://hl7.org/fhir/StructureDefinition/instance-name",
        "valueString": "Prapare Multiselect-Item Example 32624-9-Answer1"
      },
      {
        "url": "http://hl7.org/fhir/StructureDefinition/instance-description",
        "valueMarkdown": "This is a Prapare Multiselect-Item Example 32624-9-Answer1 (Race) for the *US Core Screening Response Observation Profile*"
      }
    ],
    "profile": [
      "http://hl7.org/fhir/us/core/StructureDefinition/us-core-observation-sdoh-assessment"
    ]
  },
  "text": {
    "status": "generated",
    "div": "<div xmlns=\"http://www.w3.org/1999/xhtml\"><p><b>Generated Narrative</b></p><div style=\"display: inline-block; background-color: #d9e0e7; padding: 6px; margin: 4px; border: 1px solid #8da1b4; border-radius: 5px; line-height: 60%\"><p style=\"margin-bottom: 0px\">Resource \"PRAPARE-multiselect-item-example-32624-9-answer1\" </p><p style=\"margin-bottom: 0px\">Profile: <a href=\"StructureDefinition-us-core-observation-sdoh-assessment.html\">US Core Observation SDOH Assessment Profile</a></p></div><p><b>status</b>: final</p><p><b>category</b>: SDOH <span style=\"background: LightGoldenRodYellow; margin: 4px; border: 1px solid khaki\"> (<a href=\"CodeSystem-us-core-tags.html\">US Core Tags CodeSystem</a>#sdoh)</span>, Survey <span style=\"background: LightGoldenRodYellow; margin: 4px; border: 1px solid khaki\"> (<a href=\"http://terminology.hl7.org/3.1.0/CodeSystem-observation-category.html\">Observation Category Codes</a>#survey)</span></p><p><b>code</b>: Race <span style=\"background: LightGoldenRodYellow; margin: 4px; border: 1px solid khaki\"> (<a href=\"https://loinc.org/\">LOINC</a>#32624-9)</span></p><p><b>subject</b>: <a href=\"Patient-example.html\">Patient/example</a> \" SHAW\"</p><p><b>effective</b>: 2022-03-28 06:30:40-0700</p><p><b>performer</b>: <a href=\"Patient-example.html\">Patient/example</a> \" SHAW\"</p><p><b>value</b>: Pacific Islander <span style=\"background: LightGoldenRodYellow; margin: 4px; border: 1px solid khaki\"> (<a href=\"https://loinc.org/\">LOINC</a>#LA30187-1)</span></p><p><b>derivedFrom</b>: <a href=\"QuestionnaireResponse-PRAPARE-example.html\">QuestionnaireResponse/PRAPARE-example: US Core QuestionnaireResponse PRAPARE Example</a></p></div>"
  },
  "status": "final",
  "category": [
    {
      "coding": [
        {
          "system": "http://hl7.org/fhir/us/core/CodeSystem/us-core-tags",
          "code": "sdoh",
          "display": "SDOH"
        }
      ]
    },
    {
      "coding": [
        {
          "system": "http://terminology.hl7.org/CodeSystem/observation-category",
          "code": "survey",
          "display": "Survey"
        }
      ]
    }
  ],
  "code": {
    "coding": [
      {
        "system": "http://loinc.org",
        "code": "32624-9",
        "display": "Race"
      }
    ],
    "text": "Race"
  },
  "subject": {
    "reference": "Patient/example"
  },
  "effectiveDateTime": "2022-03-28T18:30:40-07:00",
  "performer": [
    {
      "reference": "Patient/example"
    }
  ],
  "valueCodeableConcept": {
    "coding": [
      {
        "system": "http://loinc.org",
        "code": "LA30187-1",
        "display": "Pacific Islander"
      }
    ],
    "text": "Pacific Islander"
  },
  "derivedFrom": [
    {
      "reference": "QuestionnaireResponse/PRAPARE-example",
      "display": "US Core QuestionnaireResponse PRAPARE Example"
    }
  ]
}