{
  "resourceType": "Observation",
  "id": "blood-glucose",
  "meta": {
    "extension": [
      {
        "url": "http://hl7.org/fhir/StructureDefinition/instance-name",
        "valueString": "Blood Glucose Example"
      },
      {
        "url": "http://hl7.org/fhir/StructureDefinition/instance-description",
        "valueMarkdown": "This is a blood glucose example for the *US Core Observation Lab Profile*."
      }
    ],
    "versionId": "1165",
    "lastUpdated": "2016-03-09T15:29:58.328+00:00",
    "profile": [
      "http://hl7.org/fhir/us/core/StructureDefinition/us-core-observation-lab"
    ]
  },
  "text": {
    "status": "generated",
    "div": "<div xmlns=\"http://www.w3.org/1999/xhtml\"><p><b>Generated Narrative</b></p><div style=\"display: inline-block; background-color: #d9e0e7; padding: 6px; margin: 4px; border: 1px solid #8da1b4; border-radius: 5px; line-height: 60%\"><p style=\"margin-bottom: 0px\">Resource \"blood-glucose\" Version \"1165\" Updated \"2016-03-09 03:29:58+0000\" </p><p style=\"margin-bottom: 0px\">Profile: <a href=\"StructureDefinition-us-core-observation-lab.html\">US Core Laboratory Result Observation Profile</a></p></div><p><b>status</b>: final</p><p><b>category</b>: Laboratory <span style=\"background: LightGoldenRodYellow; margin: 4px; border: 1px solid khaki\"> (<a href=\"http://terminology.hl7.org/3.1.0/CodeSystem-observation-category.html\">Observation Category Codes</a>#laboratory)</span></p><p><b>code</b>: Glucose Bld-mCnc <span style=\"background: LightGoldenRodYellow; margin: 4px; border: 1px solid khaki\"> (<a href=\"https://loinc.org/\">LOINC</a>#2339-0)</span></p><p><b>subject</b>: <a href=\"Patient-example.html\">Patient/example: Amy Shaw</a> \" SHAW\"</p><p><b>effective</b>: 2005-07-05</p><p><b>value</b>: 76.0 mg/dL</p><h3>ReferenceRanges</h3><table class=\"grid\"><tr><td>-</td><td><b>Low</b></td><td><b>High</b></td><td><b>Type</b></td></tr><tr><td>*</td><td>40.0 mg/dL<span style=\"background: LightGoldenRodYellow\"> (Details: UCUM code mg/dL = 'mg/dL')</span></td><td>109.0 mg/dL<span style=\"background: LightGoldenRodYellow\"> (Details: UCUM code mg/dL = 'mg/dL')</span></td><td>Normal Range <span style=\"background: LightGoldenRodYellow; margin: 4px; border: 1px solid khaki\"> (<a href=\"http://terminology.hl7.org/3.1.0/CodeSystem-referencerange-meaning.html\">Observation Reference Range Meaning Codes</a>#normal)</span></td></tr></table></div>"
  },
  "status": "final",
  "category": [
    {
      "coding": [
        {
          "system": "http://terminology.hl7.org/CodeSystem/observation-category",
          "code": "laboratory",
          "display": "Laboratory"
        }
      ],
      "text": "Laboratory"
    }
  ],
  "code": {
    "coding": [
      {
        "system": "http://loinc.org",
        "code": "2339-0",
        "display": "Glucose Bld-mCnc"
      }
    ],
    "text": "Glucose Bld-mCnc"
  },
  "subject": {
    "reference": "Patient/example",
    "display": "Amy Shaw"
  },
  "effectiveDateTime": "2005-07-05",
  "valueQuantity": {
    "value": 76.0,
    "unit": "mg/dL",
    "system": "http://unitsofmeasure.org"
  },
  "referenceRange": [
    {
      "low": {
        "value": 40.0,
        "unit": "mg/dL",
        "system": "http://unitsofmeasure.org",
        "code": "mg/dL"
      },
      "high": {
        "value": 109.0,
        "unit": "mg/dL",
        "system": "http://unitsofmeasure.org",
        "code": "mg/dL"
      },
      "type": {
        "coding": [
          {
            "system": "http://terminology.hl7.org/CodeSystem/referencerange-meaning",
            "code": "normal",
            "display": "Normal Range"
          }
        ],
        "text": "Normal Range"
      }
    }
  ]
}