{
  "resourceType": "SearchParameter",
  "id": "us-core-condition-asserted-date",
  "text": {
    "status": "generated",
    "div": "<div xmlns=\"http://www.w3.org/1999/xhtml\">  <!-- <h2>SearchParameter: USCoreConditionAssertedDate</h2>\n\t\t\t\t<b> description</b> : <p>Returns conditions with an <a href=\"http://hl7.org/fhir/StructureDefinition/condition-assertedDate\">assertedDate extension</a> matching the specified date (dateTime).</p>\n\n\t\t\t<br/> --><p><b> id</b> us-core-condition-asserted-date</p><p><b> url</b> : <b> http://hl7.org/fhir/us/core/SearchParameter/us-core-condition-asserted-date</b>\n\t\t\t</p><p><b> version</b> : 4.1.0</p><p><b> name</b> : USCoreConditionAssertedDate</p><p><b> status</b> : active</p><p><b> date</b> : 04/14/2022</p><p><b> publisher</b> : HL7 International - Cross-Group Projects</p><p><b> contact</b> : http://www.hl7.org/Special/committees/cgp</p>  <!-- <p>\n\t\t\t\t<b> useContext</b> : </p> --><p><b> jurisdiction</b> : United States of America (the) <span> (Details : {urn:iso:std:iso:3166 code 'US' = 'United States of America', given as 'United\n           States of America (the)'})</span>\n\t\t\t</p>  <!-- <p>\n\t\t<b> purpose</b> : Need to search by identifier for various infrastructural cases - mainly retrieving packages,\n         and matching as part of a chain</p> --><p><b> code</b> : <code>asserted-date</code>\n\t\t\t</p><p><b> base</b> :Condition</p><p><b> type</b> : date</p><p><b> expression</b> : <code>Condition.extension.where(url = 'http://hl7.org/fhir/StructureDefinition/condition-assertedDate').extension.valueDateTime</code>\n\t\t\t</p><p><b> xpath</b> : <code>f:Condition/f:extension[@url='http://hl7.org/fhir/StructureDefinition/condition-assertedDate']/f:extension/f:valueDateTime/@value</code>\n\t\t\t</p><p><b> xpathUsage</b> : normal</p><p><b> mulitpleOr</b> : True   (Conformance Expectation = MAY)</p><p><b> mulitpleAnd</b> : True  ( Conformance Expectation = SHOULD)</p><p><b> comparator</b> : <code>eq</code> ( Conformance Expectation = MAY)</p><p><b> comparator</b> : <code>ne</code> ( Conformance Expectation = MAY)</p><p><b> comparator</b> : <code>gt</code> ( Conformance Expectation = SHALL)</p><p><b> comparator</b> : <code>ge</code> ( Conformance Expectation = SHALL)</p><p><b> comparator</b> : <code>lt</code> ( Conformance Expectation = SHALL)</p><p><b> comparator</b> : <code>le</code> ( Conformance Expectation = SHALL)</p><p><b> comparator</b> : <code>sa</code> ( Conformance Expectation = MAY)</p><p><b> comparator</b> : <code>eb</code> ( Conformance Expectation = MAY)</p><p><b> comparator</b> : <code>ap</code> ( Conformance Expectation = MAY)</p></div>"
  },
  "url": "http://hl7.org/fhir/us/core/SearchParameter/us-core-condition-asserted-date",
  "version": "5.0.1",
  "name": "USCoreConditionAssertedDate",
  "status": "active",
  "date": "2022-04-14",
  "publisher": "HL7 International - Cross-Group Projects",
  "contact": [
    {
      "name": "HL7 International - Cross-Group Projects",
      "telecom": [
        {
          "system": "url",
          "value": "http://www.hl7.org/Special/committees/cgp"
        },
        {
          "system": "email",
          "value": "cgp@lists.HL7.org"
        }
      ]
    }
  ],
  "description": "Returns conditions with an [assertedDate extension](http://hl7.org/fhir/StructureDefinition/condition-assertedDate) matching the specified date (dateTime).",
  "jurisdiction": [
    {
      "coding": [
        {
          "system": "urn:iso:std:iso:3166",
          "code": "US"
        }
      ]
    }
  ],
  "code": "asserted-date",
  "base": [
    "Condition"
  ],
  "type": "date",
  "expression": "Condition.extension.where(url = 'http://hl7.org/fhir/StructureDefinition/condition-assertedDate').extension.valueDateTime",
  "xpath": "f:Condition/f:extension[@url='http://hl7.org/fhir/StructureDefinition/condition-assertedDate']/f:extension/f:valueDateTime/@value",
  "xpathUsage": "normal",
  "multipleOr": true,
  "_multipleOr": {
    "extension": [
      {
        "url": "http://hl7.org/fhir/StructureDefinition/capabilitystatement-expectation",
        "valueCode": "MAY"
      }
    ]
  },
  "multipleAnd": true,
  "_multipleAnd": {
    "extension": [
      {
        "url": "http://hl7.org/fhir/StructureDefinition/capabilitystatement-expectation",
        "valueCode": "SHOULD"
      }
    ]
  },
  "comparator": [
    "eq",
    "ne",
    "gt",
    "ge",
    "lt",
    "le",
    "sa",
    "eb",
    "ap"
  ],
  "_comparator": [
    {
      "extension": [
        {
          "url": "http://hl7.org/fhir/StructureDefinition/capabilitystatement-expectation",
          "valueCode": "MAY"
        }
      ]
    },
    {
      "extension": [
        {
          "url": "http://hl7.org/fhir/StructureDefinition/capabilitystatement-expectation",
          "valueCode": "MAY"
        }
      ]
    },
    {
      "extension": [
        {
          "url": "http://hl7.org/fhir/StructureDefinition/capabilitystatement-expectation",
          "valueCode": "SHALL"
        }
      ]
    },
    {
      "extension": [
        {
          "url": "http://hl7.org/fhir/StructureDefinition/capabilitystatement-expectation",
          "valueCode": "SHALL"
        }
      ]
    },
    {
      "extension": [
        {
          "url": "http://hl7.org/fhir/StructureDefinition/capabilitystatement-expectation",
          "valueCode": "SHALL"
        }
      ]
    },
    {
      "extension": [
        {
          "url": "http://hl7.org/fhir/StructureDefinition/capabilitystatement-expectation",
          "valueCode": "SHALL"
        }
      ]
    },
    {
      "extension": [
        {
          "url": "http://hl7.org/fhir/StructureDefinition/capabilitystatement-expectation",
          "valueCode": "MAY"
        }
      ]
    },
    {
      "extension": [
        {
          "url": "http://hl7.org/fhir/StructureDefinition/capabilitystatement-expectation",
          "valueCode": "MAY"
        }
      ]
    },
    {
      "extension": [
        {
          "url": "http://hl7.org/fhir/StructureDefinition/capabilitystatement-expectation",
          "valueCode": "MAY"
        }
      ]
    }
  ]
}