{
  "resourceType": "ServiceRequest",
  "id": "foodpantry-referral",
  "meta": {
    "extension": [
      {
        "url": "http://hl7.org/fhir/StructureDefinition/instance-name",
        "valueString": "ServiceRequest Example"
      },
      {
        "url": "http://hl7.org/fhir/StructureDefinition/instance-description",
        "valueMarkdown": "This is a service request example for the *US Core ServiceRequest Profile Profile*."
      }
    ],
    "profile": [
      "http://hl7.org/fhir/us/core/StructureDefinition/us-core-servicerequest"
    ]
  },
  "text": {
    "status": "generated",
    "div": "<div xmlns=\"http://www.w3.org/1999/xhtml\"><p><b>Generated Narrative</b></p><div style=\"display: inline-block; background-color: #d9e0e7; padding: 6px; margin: 4px; border: 1px solid #8da1b4; border-radius: 5px; line-height: 60%\"><p style=\"margin-bottom: 0px\">Resource \"foodpantry-referral\" </p><p style=\"margin-bottom: 0px\">Profile: <a href=\"StructureDefinition-us-core-servicerequest.html\">US Core ServiceRequest Profile</a></p></div><p><b>status</b>: active</p><p><b>intent</b>: order</p><p><b>category</b>: Social Determinants Of Health <span style=\"background: LightGoldenRodYellow; margin: 4px; border: 1px solid khaki\"> (<a href=\"CodeSystem-us-core-tags.html\">US Core Tags CodeSystem</a>#sdoh \"SDOH\")</span></p><p><b>code</b>: Assistance with application for food pantry program <span style=\"background: LightGoldenRodYellow; margin: 4px; border: 1px solid khaki\"> (<a href=\"https://browser.ihtsdotools.org/\">SNOMED CT</a>#467771000124109)</span></p><p><b>subject</b>: <a href=\"Patient-example.html\">Patient/example</a> \" SHAW\"</p><p><b>occurrence</b>: 2021-11-20</p><p><b>authoredOn</b>: 2021-11-12 10:59:38-0800</p><p><b>requester</b>: <a href=\"Practitioner-practitioner-1.html\">Practitioner/practitioner-1</a> \" BONE\"</p></div>"
  },
  "status": "active",
  "intent": "order",
  "category": [
    {
      "coding": [
        {
          "system": "http://hl7.org/fhir/us/core/CodeSystem/us-core-tags",
          "code": "sdoh",
          "display": "SDOH"
        }
      ],
      "text": "Social Determinants Of Health"
    }
  ],
  "code": {
    "coding": [
      {
        "system": "http://snomed.info/sct",
        "code": "467771000124109",
        "display": "Assistance with application for food pantry program"
      }
    ]
  },
  "subject": {
    "reference": "Patient/example"
  },
  "occurrenceDateTime": "2021-11-20",
  "authoredOn": "2021-11-12T10:59:38-08:00",
  "requester": {
    "reference": "Practitioner/practitioner-1"
  }
}