{
  "resourceType": "ValueSet",
  "id": "omb-ethnicity-category",
  "text": {
    "status": "generated",
    "div": "<div xmlns=\"http://www.w3.org/1999/xhtml\"><p>This value set includes codes based on the following rules:</p><ul><li>Import all the codes that are contained in <a href=\"https://vsac.nlm.nih.gov/valueset/2.16.840.1.114222.4.11.837/expansion\">http://cts.nlm.nih.gov/fhir/ValueSet/2.16.840.1.114222.4.11.837</a></li><li>Import all the codes that are contained in <a href=\"https://vsac.nlm.nih.gov/valueset/2.16.840.1.113762.1.4.1021.102/expansion\">http://cts.nlm.nih.gov/fhir/ValueSet/2.16.840.1.113762.1.4.1021.102</a></li></ul></div>"
  },
  "url": "http://hl7.org/fhir/us/core/ValueSet/omb-ethnicity-category",
  "version": "5.0.1",
  "name": "OmbEthnicityCategories",
  "title": "OMB Ethnicity Categories",
  "status": "active",
  "date": "2019-05-21",
  "publisher": "HL7 International - Cross-Group Projects",
  "contact": [
    {
      "name": "HL7 International - Cross-Group Projects",
      "telecom": [
        {
          "system": "url",
          "value": "http://www.hl7.org/Special/committees/cgp"
        },
        {
          "system": "email",
          "value": "cgp@lists.HL7.org"
        }
      ]
    }
  ],
  "description": "The codes for the concepts 'Unknown', 'Asked but no answer', and the ethnicity categories - 'Hispanic or Latino' and 'Not Hispanic or Latino' - as defined by the [OMB Standards for Maintaining, Collecting, and Presenting Federal Data on Race and Ethnicity, Statistical Policy Directive No. 15, as revised, October 30, 1997](https://www.govinfo.gov/content/pkg/FR-1997-10-30/pdf/97-28653.pdf).",
  "jurisdiction": [
    {
      "coding": [
        {
          "system": "urn:iso:std:iso:3166",
          "code": "US"
        }
      ]
    }
  ],
  "copyright": "Used by permission of HL7 International, all rights reserved Creative Commons License",
  "compose": {
    "include": [
      {
        "valueSet": [
          "http://cts.nlm.nih.gov/fhir/ValueSet/2.16.840.1.114222.4.11.837"
        ]
      },
      {
        "valueSet": [
          "http://cts.nlm.nih.gov/fhir/ValueSet/2.16.840.1.113762.1.4.1021.102"
        ]
      }
    ]
  }
}