{
  "resourceType": "ValueSet",
  "id": "us-core-observation-value-codes",
  "text": {
    "status": "generated",
    "div": "<div xmlns=\"http://www.w3.org/1999/xhtml\"><ul><li>Include all codes defined in <a href=\"http://www.snomed.org/\"><code>http://snomed.info/sct</code></a></li></ul></div>"
  },
  "url": "http://hl7.org/fhir/us/core/ValueSet/us-core-observation-value-codes",
  "version": "5.0.1",
  "name": "USCoreObservationValueCodes",
  "title": "US Core Observation Value Codes (SNOMED-CT)",
  "status": "active",
  "date": "2019-05-21",
  "publisher": "HL7 International - Cross-Group Projects",
  "contact": [
    {
      "name": "HL7 International - Cross-Group Projects",
      "telecom": [
        {
          "system": "url",
          "value": "http://www.hl7.org/Special/committees/cgp"
        },
        {
          "system": "email",
          "value": "cgp@lists.HL7.org"
        }
      ]
    }
  ],
  "description": "[Snomed-CT](http://www.ihtsdo.org/) concept codes for coded results",
  "jurisdiction": [
    {
      "coding": [
        {
          "system": "urn:iso:std:iso:3166",
          "code": "US"
        }
      ]
    }
  ],
  "copyright": "This value set includes content from SNOMED CT, which is copyright © 2002+ International Health Terminology Standards Development Organisation (IHTSDO), and distributed by agreement between IHTSDO and HL7. Implementer use of SNOMED CT is not covered by this agreement",
  "compose": {
    "include": [
      {
        "system": "http://snomed.info/sct"
      }
    ]
  }
}