{
  "resourceType": "ValueSet",
  "id": "us-core-tags",
  "text": {
    "status": "generated",
    "div": "<div xmlns=\"http://www.w3.org/1999/xhtml\"><ul><li>Include all codes defined in <a href=\"CodeSystem-us-core-tags.html\"><code>http://hl7.org/fhir/us/core/CodeSystem/us-core-tags</code></a></li></ul></div>"
  },
  "url": "http://hl7.org/fhir/us/core/ValueSet/us-core-tags",
  "version": "5.0.1",
  "name": "USCoreTagsValueSet",
  "title": "US Core Tags ValueSet",
  "status": "active",
  "date": "2022-04-20",
  "publisher": "HL7 International - Cross-Group Projects",
  "contact": [
    {
      "name": "HL7 International - Cross-Group Projects",
      "telecom": [
        {
          "system": "url",
          "value": "http://www.hl7.org/Special/committees/cgp"
        },
        {
          "system": "email",
          "value": "cgp@lists.HL7.org"
        }
      ]
    }
  ],
  "description": "Used to tag patient submitted resources for writing and searching from EHRs",
  "jurisdiction": [
    {
      "coding": [
        {
          "system": "urn:iso:std:iso:3166",
          "code": "US"
        }
      ]
    }
  ],
  "copyright": "Used by permission of HL7 International, all rights reserved Creative Commons License",
  "compose": {
    "include": [
      {
        "system": "http://hl7.org/fhir/us/core/CodeSystem/us-core-tags"
      }
    ]
  }
}