{
  "resourceType": "ValueSet",
  "id": "us-core-diagnosticreport-lab-codes",
  "text": {
    "status": "generated",
    "div": "<div xmlns=\"http://www.w3.org/1999/xhtml\"><ul><li>Include codes from <a href=\"http://loinc.org\"><code>http://loinc.org</code></a> where CLASSTYPE  =  1</li></ul></div>"
  },
  "url": "http://hl7.org/fhir/us/core/ValueSet/us-core-diagnosticreport-lab-codes",
  "version": "5.0.1",
  "name": "USCoreDiagnosticReportLabCodes",
  "title": "US Core Diagnostic Report Laboratory Codes",
  "status": "active",
  "date": "2019-05-21",
  "publisher": "HL7 International - Cross-Group Projects",
  "contact": [
    {
      "name": "HL7 International - Cross-Group Projects",
      "telecom": [
        {
          "system": "url",
          "value": "http://www.hl7.org/Special/committees/cgp"
        },
        {
          "system": "email",
          "value": "cgp@lists.HL7.org"
        }
      ]
    }
  ],
  "description": "The Document Type value set includes all LOINC  values whose CLASSTYPE is LABORATORY in the LOINC database",
  "jurisdiction": [
    {
      "coding": [
        {
          "system": "urn:iso:std:iso:3166",
          "code": "US"
        }
      ]
    }
  ],
  "copyright": "This material contains content from LOINC (http://loinc.org). LOINC is copyright © 1995-2020, Regenstrief Institute, Inc. and the Logical Observation Identifiers Names and Codes (LOINC) Committee and is available at no cost under the license at http://loinc.org/license. LOINC® is a registered United States trademark of Regenstrief Institute, Inc",
  "compose": {
    "include": [
      {
        "system": "http://loinc.org",
        "filter": [
          {
            "property": "CLASSTYPE",
            "op": "=",
            "value": "1"
          }
        ]
      }
    ]
  }
}