{
  "resourceType": "ValueSet",
  "id": "us-core-observation-category",
  "text": {
    "status": "extensions",
    "div": "<div xmlns=\"http://www.w3.org/1999/xhtml\"><p>This value set includes codes based on the following rules:</p><ul><li>Include these codes as defined in <a href=\"CodeSystem-us-core-tags.html\"><code>http://hl7.org/fhir/us/core/CodeSystem/us-core-tags</code></a><table class=\"none\"><tr><td style=\"white-space:nowrap\"><b>Code</b></td><td><b>Display</b></td><td><b>Definition</b></td></tr><tr><td><a href=\"CodeSystem-us-core-tags.html#us-core-tags-sdoh\">sdoh</a></td><td>SDOH</td><td>Social Determinants of Health Category</td></tr></table></li><li>Include all codes defined in <a href=\"CodeSystem-us-core-observation-category.html\"><code>http://hl7.org/fhir/us/core/CodeSystem/us-core-observation-category</code></a></li><li>Include all codes defined in <a href=\"http://terminology.hl7.org/3.1.0/CodeSystem-observation-category.html\"><code>http://terminology.hl7.org/CodeSystem/observation-category</code></a></li></ul></div>"
  },
  "url": "http://hl7.org/fhir/us/core/ValueSet/us-core-observation-category",
  "version": "5.0.1",
  "name": "USCoreObservationCategory",
  "title": "US Core Observation Category",
  "status": "active",
  "date": "2021-11-11",
  "publisher": "HL7 International - Cross-Group Projects",
  "contact": [
    {
      "name": "HL7 International - Cross-Group Projects",
      "telecom": [
        {
          "system": "url",
          "value": "http://www.hl7.org/Special/committees/cgp"
        },
        {
          "system": "email",
          "value": "cgp@lists.HL7.org"
        }
      ]
    }
  ],
  "description": "HL7 FHIR concepts to classify an observation",
  "jurisdiction": [
    {
      "coding": [
        {
          "system": "urn:iso:std:iso:3166",
          "code": "US"
        }
      ]
    }
  ],
  "copyright": "This material contains content from LOINC (http://loinc.org). LOINC is copyright © 1995-2020, Regenstrief Institute, Inc. and the Logical Observation Identifiers Names and Codes (LOINC) Committee and is available at no cost under the license at http://loinc.org/license. LOINC® is a registered United States trademark of Regenstrief Institute, Inc",
  "compose": {
    "include": [
      {
        "system": "http://hl7.org/fhir/us/core/CodeSystem/us-core-tags",
        "concept": [
          {
            "code": "sdoh",
            "display": "SDOH"
          }
        ]
      },
      {
        "system": "http://hl7.org/fhir/us/core/CodeSystem/us-core-observation-category"
      },
      {
        "system": "http://terminology.hl7.org/CodeSystem/observation-category"
      }
    ]
  }
}