{
  "resourceType": "ValueSet",
  "id": "us-core-problem-or-health-concern",
  "text": {
    "status": "extensions",
    "div": "<div xmlns=\"http://www.w3.org/1999/xhtml\"><p>This value set includes codes based on the following rules:</p><ul><li>Include these codes as defined in <a href=\"http://terminology.hl7.org/3.1.0/CodeSystem-condition-category.html\"><code>http://terminology.hl7.org/CodeSystem/condition-category</code></a><table class=\"none\"><tr><td style=\"white-space:nowrap\"><b>Code</b></td><td><b>Display</b></td><td><b>Definition</b></td></tr><tr><td><a href=\"http://terminology.hl7.org/3.1.0/CodeSystem-condition-category.html#condition-category-problem-list-item\">problem-list-item</a></td><td>Problem List Item</td><td>An item on a problem list that can be managed over time and can be expressed by a practitioner (e.g. physician, nurse), patient, or related person.</td></tr></table></li><li>Include these codes as defined in <a href=\"CodeSystem-condition-category.html\"><code>http://hl7.org/fhir/us/core/CodeSystem/condition-category</code></a><table class=\"none\"><tr><td style=\"white-space:nowrap\"><b>Code</b></td><td><b>Display</b></td><td><b>Definition</b></td></tr><tr><td><a href=\"CodeSystem-condition-category.html#condition-category-health-concern\">health-concern</a></td><td>Health Concern</td><td>Additional health concerns from other stakeholders which are outside the provider’s problem list.</td></tr></table></li></ul></div>"
  },
  "url": "http://hl7.org/fhir/us/core/ValueSet/us-core-problem-or-health-concern",
  "version": "5.0.1",
  "name": "USCoreProblemOrHealthConcern",
  "title": "US Core Problem or Health Concern",
  "status": "active",
  "date": "2022-04-12",
  "publisher": "HL7 International - Cross-Group Projects",
  "contact": [
    {
      "name": "HL7 International - Cross-Group Projects",
      "telecom": [
        {
          "system": "url",
          "value": "http://www.hl7.org/Special/committees/cgp"
        },
        {
          "system": "email",
          "value": "cgp@lists.HL7.org"
        }
      ]
    }
  ],
  "description": "Code set for category codes for *US Core Condition Problems and Health Concerns Profile* consisting of the concepts \"problem\" and \"health-concern\".",
  "jurisdiction": [
    {
      "coding": [
        {
          "system": "urn:iso:std:iso:3166",
          "code": "US"
        }
      ]
    }
  ],
  "copyright": "Used by permission of HL7 International, all rights reserved Creative Commons License",
  "compose": {
    "include": [
      {
        "system": "http://terminology.hl7.org/CodeSystem/condition-category",
        "concept": [
          {
            "code": "problem-list-item"
          }
        ]
      },
      {
        "system": "http://hl7.org/fhir/us/core/CodeSystem/condition-category",
        "concept": [
          {
            "code": "health-concern"
          }
        ]
      }
    ]
  }
}