{
  "resourceType": "ValueSet",
  "id": "us-core-smoking-status-observation-codes",
  "text": {
    "status": "generated",
    "div": "<div xmlns=\"http://www.w3.org/1999/xhtml\"><ul><li>Include these codes as defined in <a href=\"http://loinc.org\"><code>http://loinc.org</code></a><table class=\"none\"><tr><td style=\"white-space:nowrap\"><b>Code</b></td><td><b>Display</b></td></tr><tr><td><a href=\"http://details.loinc.org/LOINC/72166-2.html\">72166-2</a></td><td>Tobacco smoking status NHIS</td></tr></table></li></ul></div>"
  },
  "url": "http://hl7.org/fhir/us/core/ValueSet/us-core-smoking-status-observation-codes",
  "version": "5.0.1",
  "name": "USCoreSmokingStatusObservationCodes",
  "title": "US Core Smoking Status Observation Codes",
  "status": "active",
  "date": "2019-05-21",
  "publisher": "HL7 International - Cross-Group Projects",
  "contact": [
    {
      "name": "HL7 International - Cross-Group Projects",
      "telecom": [
        {
          "system": "url",
          "value": "http://www.hl7.org/Special/committees/cgp"
        },
        {
          "system": "email",
          "value": "cgp@lists.HL7.org"
        }
      ]
    }
  ],
  "description": "The US Core Smoking Status Observation Codes Value Set is a 'starter set' of concepts to capture smoking status.",
  "jurisdiction": [
    {
      "coding": [
        {
          "system": "urn:iso:std:iso:3166",
          "code": "US"
        }
      ]
    }
  ],
  "copyright": "This material contains content from LOINC (http://loinc.org). LOINC is copyright © 1995-2020, Regenstrief Institute, Inc. and the Logical Observation Identifiers Names and Codes (LOINC) Committee and is available at no cost under the license at http://loinc.org/license. LOINC® is a registered United States trademark of Regenstrief Institute, Inc",
  "compose": {
    "include": [
      {
        "system": "http://loinc.org",
        "concept": [
          {
            "code": "72166-2",
            "display": "Tobacco smoking status NHIS"
          }
        ]
      }
    ]
  }
}