{
  "resourceType": "ValueSet",
  "id": "birthsex",
  "text": {
    "status": "generated",
    "div": "<div xmlns=\"http://www.w3.org/1999/xhtml\"><p>This value set includes codes based on the following rules:</p><ul><li>Import all the codes that are contained in <a href=\"https://vsac.nlm.nih.gov/valueset/2.16.840.1.113762.1.4.1/expansion\">http://cts.nlm.nih.gov/fhir/ValueSet/2.16.840.1.113762.1.4.1</a></li><li>Import all the codes that are contained in <a href=\"https://vsac.nlm.nih.gov/valueset/2.16.840.1.113762.1.4.1021.103/expansion\">http://cts.nlm.nih.gov/fhir/ValueSet/2.16.840.1.113762.1.4.1021.103</a></li></ul></div>"
  },
  "url": "http://hl7.org/fhir/us/core/ValueSet/birthsex",
  "version": "5.0.1",
  "name": "BirthSex",
  "title": "Birth Sex",
  "status": "active",
  "date": "2021-12-08",
  "publisher": "HL7 International - Cross-Group Projects",
  "contact": [
    {
      "name": "HL7 International - Cross-Group Projects",
      "telecom": [
        {
          "system": "url",
          "value": "http://www.hl7.org/Special/committees/cgp"
        },
        {
          "system": "email",
          "value": "cgp@lists.HL7.org"
        }
      ]
    }
  ],
  "description": "Codes for assigning sex at birth as specified by the [Office of the National Coordinator for Health IT (ONC)](https://www.healthit.gov/newsroom/about-onc)",
  "jurisdiction": [
    {
      "coding": [
        {
          "system": "urn:iso:std:iso:3166",
          "code": "US"
        }
      ]
    }
  ],
  "copyright": "Used by permission of HL7 International, all rights reserved Creative Commons License",
  "compose": {
    "include": [
      {
        "valueSet": [
          "http://cts.nlm.nih.gov/fhir/ValueSet/2.16.840.1.113762.1.4.1"
        ]
      },
      {
        "valueSet": [
          "http://cts.nlm.nih.gov/fhir/ValueSet/2.16.840.1.113762.1.4.1021.103"
        ]
      }
    ]
  }
}